event_id,decline_code,retry_count,hours_since_failure,day_of_month,customer_tenure_months,subscription_value,prior_recovery_outcome,action,true_p_success,outcome
evt_000000_16d92687,insufficient_funds,2,3.4,24,2,2499.0,recovered,escalate_human,0.5073668160007838,1
evt_000001_c93b82a2,issuer_unavailable,0,13.1,25,5,499.0,none,voice_call,0.7751765043796686,1
evt_000002_e34cbfae,do_not_honor,1,15.0,2,3,2499.0,recovered,voice_call,0.02539450392504494,0
evt_000003_c744240e,issuer_unavailable,0,2.2,24,5,2499.0,none,voice_call,0.7733048283677638,1
evt_000004_138b3a1e,insufficient_funds,0,3.9,15,11,999.0,none,retry_later,0.48447168752779185,1
evt_000005_d52a65f3,insufficient_funds,2,16.3,27,4,999.0,none,nudge_sms,0.42042497810349433,0
evt_000006_ce0dde46,expired_card,1,47.9,1,7,499.0,none,retry_now,0.07516010948212662,0
evt_000007_23c9bc6e,expired_card,0,18.1,3,26,499.0,none,escalate_human,0.8209332885593084,1
evt_000008_9a539b6d,insufficient_funds,0,18.1,1,25,199.0,none,escalate_human,0.9168273035060777,1
evt_000009_4808c654,expired_card,1,9.0,31,4,999.0,none,voice_call,0.6058736684317606,1
evt_000010_1b2c2909,expired_card,0,4.6,3,12,199.0,none,nudge_whatsapp,0.6324364294119305,1
evt_000011_72374c33,insufficient_funds,1,3.7,30,7,2499.0,churned,retry_now,0.5473576181430893,0
evt_000012_75194ff7,stolen_card,2,8.7,9,13,499.0,none,nudge_whatsapp,0.014846987339556741,0
evt_000013_e710f35d,insufficient_funds,0,11.6,17,9,999.0,recovered,retry_later,0.476251653609773,0
evt_000014_4f04d04b,issuer_unavailable,1,1.5,20,5,199.0,none,retry_later,0.7785324850296578,1
evt_000015_5471c8ce,insufficient_funds,1,9.7,10,5,499.0,none,stop,0.0,0
evt_000016_4b74ef50,stolen_card,0,16.8,1,3,499.0,none,nudge_whatsapp,0.01536770556527555,0
evt_000017_f0156500,issuer_unavailable,0,9.0,17,8,199.0,recovered,nudge_whatsapp,0.6370596380185244,0
evt_000018_8af6b75c,issuer_unavailable,0,33.4,5,5,999.0,recovered,stop,0.0,0
evt_000019_c4c614fe,insufficient_funds,3,11.8,8,6,499.0,recovered,retry_now,0.14255376568216127,0
evt_000020_f6950d94,stolen_card,0,25.6,10,7,1499.0,none,nudge_whatsapp,0.01536770556527555,0
evt_000021_0b7f4328,stolen_card,2,17.0,27,15,499.0,none,stop,0.0,0
evt_000022_05a94654,expired_card,0,1.1,24,17,499.0,churned,stop,0.0,0
evt_000023_3db03f61,insufficient_funds,2,6.9,24,4,1499.0,none,retry_later,0.34009678042406083,0
evt_000024_ff7ec0f6,stolen_card,1,2.4,25,1,199.0,none,retry_now,0.014379043799739054,0
evt_000025_ad7b09f0,issuer_unavailable,1,34.4,13,21,999.0,recovered,retry_later,0.828305189239668,1
evt_000026_6f0fde02,stolen_card,0,7.8,4,11,999.0,churned,nudge_whatsapp,0.01536770556527555,0
evt_000027_49548a37,insufficient_funds,1,15.6,27,3,499.0,churned,retry_now,0.3154052402996127,0
evt_000028_2e74b3a9,do_not_honor,0,51.6,29,1,199.0,recovered,retry_later,0.024843544141003683,0
evt_000029_cbfc3466,issuer_unavailable,1,9.9,24,13,499.0,none,voice_call,0.7382836963728165,1
evt_000030_f66dedad,issuer_unavailable,0,12.3,27,7,999.0,none,stop,0.0,0
evt_000031_110a0050,issuer_unavailable,0,5.7,10,2,1499.0,none,nudge_sms,0.5621660189116524,1
evt_000032_93d1830c,insufficient_funds,0,1.4,5,1,499.0,none,escalate_human,0.70869119538379,1
evt_000033_64c4f731,issuer_unavailable,2,6.6,17,2,199.0,none,retry_now,0.6088842770924164,1
evt_000034_f2e73c49,insufficient_funds,0,18.8,13,1,999.0,none,nudge_sms,0.41454682104929935,0
evt_000035_ecc26fcc,do_not_honor,3,27.1,10,17,499.0,recovered,escalate_human,0.025518546137680318,0
evt_000036_d3785524,issuer_unavailable,2,9.2,17,5,499.0,none,retry_now,0.6230759576431537,1
evt_000037_23c7dcd1,insufficient_funds,0,3.5,16,15,499.0,none,nudge_sms,0.47947822734532014,0
evt_000038_caf1cad0,do_not_honor,0,7.7,30,8,999.0,none,retry_later,0.024843544141003683,0
evt_000039_cdec9f71,issuer_unavailable,0,15.6,2,3,1499.0,none,retry_later,0.8459660586002888,1
evt_000040_a2df4231,expired_card,0,18.6,3,3,2499.0,recovered,nudge_sms,0.5405813934929747,0
evt_000041_97fb8b38,expired_card,3,8.9,23,1,499.0,none,voice_call,0.3750515679818213,0
evt_000042_0202b239,issuer_unavailable,1,25.1,18,28,499.0,none,retry_now,0.7881254841184406,1
evt_000043_ee657f78,insufficient_funds,0,23.7,23,16,999.0,none,nudge_sms,0.5260381084982347,0
evt_000044_d12e66db,insufficient_funds,0,8.0,24,3,199.0,churned,nudge_whatsapp,0.5292508210982304,1
evt_000045_701a7a9d,expired_card,1,52.2,12,6,499.0,churned,escalate_human,0.6626469433259259,0
evt_000046_d8a98868,insufficient_funds,2,41.9,30,3,499.0,none,nudge_whatsapp,0.7426905453026857,1
evt_000047_032644d0,do_not_honor,0,33.8,10,1,1499.0,recovered,nudge_whatsapp,0.025086962153479813,0
evt_000048_6413c1dd,do_not_honor,0,17.0,31,1,2499.0,none,retry_now,0.02389268941058276,0
evt_000049_a66e97cf,do_not_honor,0,3.8,15,27,199.0,churned,retry_later,0.024843544141003683,0
evt_000050_e8d0d529,insufficient_funds,0,11.7,2,74,199.0,recovered,retry_later,0.8558708221367988,1
evt_000051_0ea6c09e,stolen_card,2,27.0,26,2,199.0,none,escalate_human,0.015906391711814714,0
evt_000052_8a32de6c,issuer_unavailable,2,3.0,24,14,199.0,none,retry_now,0.6697527629534448,0
evt_000053_b5bc5071,issuer_unavailable,0,16.6,1,52,999.0,none,retry_now,0.8828810091242195,1
evt_000054_c52f4f45,stolen_card,0,10.5,6,41,499.0,none,retry_later,0.015217121208656299,0
evt_000055_f22ea898,issuer_unavailable,1,6.3,14,1,499.0,none,stop,0.0,0
evt_000056_e9e948e3,insufficient_funds,0,0.3,15,5,499.0,none,nudge_sms,0.42993086379995127,0
evt_000057_a2770dc7,insufficient_funds,0,11.6,19,1,499.0,none,nudge_sms,0.41789197194837435,0
evt_000058_1861c991,issuer_unavailable,1,18.5,18,2,499.0,recovered,nudge_sms,0.47344080380574377,0
evt_000059_8c94b9ef,issuer_unavailable,0,12.4,26,3,1499.0,none,escalate_human,0.8337886009340898,1
evt_000060_44cdbfb7,insufficient_funds,2,7.7,25,3,199.0,recovered,escalate_human,0.5310663910510403,1
evt_000061_0e39b2f0,insufficient_funds,0,7.3,3,1,999.0,recovered,escalate_human,0.7753522751361904,1
evt_000062_b58c8dff,issuer_unavailable,0,11.7,5,25,2499.0,recovered,nudge_sms,0.6797709598883488,0
evt_000063_4f9b2c6a,expired_card,0,21.2,11,5,499.0,none,retry_now,0.08371838109934021,0
evt_000064_6af1e85c,stolen_card,1,7.2,26,5,499.0,none,nudge_sms,0.014810465269792841,0
evt_000065_147e1c1e,insufficient_funds,0,2.8,10,17,199.0,none,retry_later,0.5335981509707869,1
evt_000066_31c3590c,issuer_unavailable,0,2.3,16,8,999.0,none,nudge_whatsapp,0.6368875890927528,0
evt_000067_a62ea1d3,expired_card,0,3.0,24,8,999.0,none,nudge_whatsapp,0.5955764539624776,0
evt_000068_b06c9ae5,issuer_unavailable,3,15.7,27,24,499.0,none,escalate_human,0.7317610597624862,1
evt_000069_880a8dd0,insufficient_funds,3,1.9,13,12,199.0,none,retry_later,0.2544153920928878,1
evt_000070_b0d8442b,insufficient_funds,1,0.4,14,10,999.0,none,voice_call,0.49209396405008893,1
evt_000071_fb57a272,issuer_unavailable,2,12.3,16,53,999.0,recovered,escalate_human,0.8208152581341023,1
evt_000072_81d262da,insufficient_funds,1,22.2,23,6,2499.0,none,escalate_human,0.6000709531582556,0
evt_000073_bbd744e9,insufficient_funds,0,0.3,16,13,2499.0,none,escalate_human,0.6842051460928054,0
evt_000074_3dedea9f,expired_card,0,28.4,13,15,1499.0,recovered,retry_later,0.14229756030654045,0
evt_000075_0976e9df,insufficient_funds,0,13.6,24,19,1499.0,recovered,voice_call,0.6613843380300444,0
evt_000076_61bed80e,insufficient_funds,1,13.5,2,1,499.0,none,nudge_whatsapp,0.6966528765824818,1
evt_000077_079457e1,do_not_honor,1,2.0,13,6,1499.0,none,escalate_human,0.026403509502070335,0
evt_000078_72efd1a0,insufficient_funds,2,12.8,13,1,499.0,recovered,nudge_sms,0.2601478422218685,1
evt_000079_ceb3d674,insufficient_funds,0,2.4,4,41,499.0,churned,voice_call,0.7916716394288897,1
evt_000080_5814bdda,insufficient_funds,0,2.4,5,1,499.0,none,stop,0.0,0
evt_000081_57e203c9,insufficient_funds,3,6.2,16,14,1499.0,none,nudge_whatsapp,0.2784560143868684,0
evt_000082_e41046a0,issuer_unavailable,1,7.3,29,14,499.0,none,nudge_sms,0.5679044067424179,1
evt_000083_528edbc3,do_not_honor,0,1.1,8,6,499.0,none,escalate_human,0.026857118784809644,1
evt_000084_96ca195e,do_not_honor,3,41.0,21,9,499.0,none,nudge_sms,0.023373531597967217,0
evt_000085_a725e78b,issuer_unavailable,0,0.3,30,1,199.0,none,stop,0.0,0
evt_000086_9277e1a9,issuer_unavailable,1,12.7,3,1,199.0,none,escalate_human,0.7812017597439761,1
evt_000087_0f7ecae3,insufficient_funds,0,6.9,8,1,199.0,recovered,nudge_sms,0.4512173618768768,0
evt_000088_1c70a9fb,issuer_unavailable,0,9.7,16,22,999.0,none,retry_later,0.8745586140238036,1
evt_000089_528ebbc8,issuer_unavailable,1,8.7,24,5,199.0,none,nudge_sms,0.4942670154171805,1
evt_000090_30fcca01,insufficient_funds,0,18.8,5,1,199.0,none,retry_later,0.5549853619514187,0
evt_000091_1c523678,insufficient_funds,1,30.2,22,1,1499.0,none,escalate_human,0.5664242493671363,1
evt_000092_e58e5fbf,do_not_honor,0,24.0,24,25,499.0,churned,retry_now,0.02389268941058276,0
evt_000093_5c8da0e1,insufficient_funds,2,12.1,10,6,499.0,none,retry_later,0.3131562480336281,0
evt_000094_bc63a9d9,insufficient_funds,0,39.7,11,30,999.0,none,retry_now,0.4133687420378471,1
evt_000095_e3d850ac,insufficient_funds,0,13.0,2,2,2499.0,none,retry_later,0.750524108415707,1
evt_000096_8da8e4b1,issuer_unavailable,0,32.3,31,19,499.0,none,retry_later,0.8889440332885924,1
evt_000097_45ef9884,issuer_unavailable,0,2.5,31,1,499.0,none,escalate_human,0.8481288363433407,0
evt_000098_d6cab860,issuer_unavailable,1,15.8,8,15,999.0,none,retry_later,0.8129653193867622,0
evt_000099_c227f5b0,insufficient_funds,1,0.2,2,12,499.0,none,escalate_human,0.8010936642062919,0
evt_000100_a84c23e6,expired_card,0,17.3,13,9,199.0,recovered,stop,0.0,0
evt_000101_e99f05cf,insufficient_funds,0,22.4,20,1,499.0,recovered,stop,0.0,0
evt_000102_a71c51fa,expired_card,1,1.8,23,26,1499.0,recovered,nudge_whatsapp,0.5961369033816865,1
evt_000103_19909658,expired_card,0,23.9,31,5,1499.0,none,nudge_sms,0.574442516811659,1
evt_000104_591c76fe,issuer_unavailable,0,7.6,19,42,499.0,none,nudge_sms,0.7160826272419164,1
evt_000105_6090923f,insufficient_funds,0,1.4,2,3,199.0,recovered,nudge_sms,0.7352470601050631,0
evt_000106_58046ff9,insufficient_funds,0,5.6,9,21,499.0,none,retry_now,0.3816092952132782,1
evt_000107_7b430437,expired_card,0,7.5,8,8,999.0,recovered,retry_later,0.12779404855644808,1
evt_000108_1af0003d,stolen_card,3,1.3,31,3,499.0,none,nudge_sms,0.014308354154379218,0
evt_000109_18d38afb,issuer_unavailable,1,4.5,3,3,1499.0,none,retry_later,0.7879618433400776,1
evt_000110_bd64545c,insufficient_funds,0,16.5,10,36,199.0,churned,nudge_sms,0.6021892631535122,0
evt_000111_1ee344a7,insufficient_funds,0,23.6,20,9,499.0,none,retry_later,0.48694811260197446,1
evt_000112_2253d06f,do_not_honor,0,7.8,27,9,199.0,none,retry_now,0.02389268941058276,0
evt_000113_f0a515fc,expired_card,1,2.9,14,20,499.0,none,nudge_whatsapp,0.5628224344871626,1
evt_000114_2eb88016,issuer_unavailable,3,2.0,30,8,199.0,none,stop,0.0,0
evt_000115_07b1a827,insufficient_funds,3,7.3,29,11,499.0,none,voice_call,0.5678645484287304,1
evt_000116_d6f58ffb,do_not_honor,1,14.5,31,7,1499.0,none,nudge_whatsapp,0.024662492629723677,0
evt_000117_0cd3cac0,expired_card,1,5.4,20,9,1499.0,none,escalate_human,0.676368998126544,1
evt_000118_c1036db4,stolen_card,0,0.6,1,6,199.0,none,escalate_human,0.016463644763656287,0
evt_000119_a1dd4952,stolen_card,0,36.1,23,6,499.0,none,nudge_whatsapp,0.01536770556527555,0
evt_000120_868b4dc3,insufficient_funds,1,27.5,11,1,499.0,recovered,escalate_human,0.5547653020067748,0
evt_000121_bfe7017b,issuer_unavailable,1,1.8,12,9,999.0,none,stop,0.0,0
evt_000122_e4f06e15,expired_card,1,29.5,18,18,499.0,none,voice_call,0.6256648037587872,1
evt_000123_687cf494,insufficient_funds,0,9.6,5,28,199.0,none,voice_call,0.7367289603596713,1
evt_000124_2993bbd2,do_not_honor,0,7.5,25,1,499.0,none,retry_later,0.024843544141003683,0
evt_000125_4894d123,do_not_honor,0,7.6,17,7,499.0,none,voice_call,0.025831238524664044,0
evt_000126_106ab6ab,stolen_card,0,11.3,10,1,499.0,recovered,stop,0.0,0
evt_000127_9c37dda3,insufficient_funds,3,10.1,11,9,499.0,none,nudge_sms,0.2310806306530185,0
evt_000128_cf242327,do_not_honor,3,14.4,8,12,999.0,recovered,retry_later,0.02360289498942739,0
evt_000129_c3391ab0,issuer_unavailable,0,21.7,20,11,499.0,none,nudge_sms,0.6051892776690322,1
evt_000130_a84ddf23,do_not_honor,0,0.2,26,6,999.0,recovered,retry_later,0.024843544141003683,0
evt_000131_236988af,insufficient_funds,0,5.2,1,10,1499.0,churned,nudge_sms,0.8455347349164652,1
evt_000132_f03e0773,expired_card,0,31.8,5,6,199.0,recovered,voice_call,0.6621118168474273,1
evt_000133_2d25b113,issuer_unavailable,1,15.6,25,23,199.0,recovered,voice_call,0.7769144862930081,0
evt_000134_5209c2d6,issuer_unavailable,0,1.9,10,3,499.0,recovered,voice_call,0.7631373179619052,0
evt_000135_d505d23c,insufficient_funds,0,16.8,23,5,1499.0,none,escalate_human,0.6760681553875723,0
evt_000136_ea6d5a76,insufficient_funds,1,2.0,3,1,199.0,none,escalate_human,0.7086391622395861,1
evt_000137_c64dc02b,expired_card,2,2.6,1,61,999.0,none,retry_later,0.13238887354206544,0
evt_000138_0b1f7aac,insufficient_funds,1,5.4,3,5,499.0,recovered,escalate_human,0.7248770502073115,1
evt_000139_76f53ea6,insufficient_funds,0,16.2,30,1,199.0,none,retry_now,0.6034832498647262,0
evt_000140_0fa61e30,stolen_card,0,7.1,13,16,499.0,recovered,stop,0.0,0
evt_000141_f9c0a2df,do_not_honor,0,2.1,15,13,999.0,none,voice_call,0.025831238524664044,0
evt_000142_624adfff,expired_card,0,2.3,26,6,499.0,none,nudge_sms,0.5430728310472903,0
evt_000143_6b2d0b9a,do_not_honor,1,8.9,24,13,499.0,none,retry_later,0.024423090054107196,0
evt_000144_d823324d,insufficient_funds,0,9.3,3,16,199.0,recovered,retry_now,0.5096947764548194,1
evt_000145_784f0851,stolen_card,0,1.4,15,4,999.0,none,voice_call,0.015828313967089842,0
evt_000146_6a2cc9be,insufficient_funds,0,6.8,7,14,499.0,none,retry_later,0.5590079971698443,1
evt_000147_0e263398,insufficient_funds,1,3.3,25,17,199.0,none,stop,0.0,0
evt_000148_0d0547b8,issuer_unavailable,0,19.4,4,13,999.0,none,retry_later,0.8621871660511508,1
evt_000149_ff263cdb,insufficient_funds,0,25.1,3,11,199.0,churned,voice_call,0.7386153034878475,1
evt_000150_87e53803,stolen_card,0,15.2,16,16,199.0,none,retry_later,0.015217121208656299,0
evt_000151_317619c1,do_not_honor,1,8.5,21,3,499.0,churned,nudge_sms,0.024185953768396405,0
evt_000152_bb021b5c,insufficient_funds,0,8.7,13,13,999.0,none,nudge_sms,0.47372415711898336,0
evt_000153_521a69ff,insufficient_funds,0,4.7,16,5,199.0,none,escalate_human,0.64866244003805,0
evt_000154_884d7bb6,do_not_honor,3,1.2,8,16,199.0,churned,escalate_human,0.025518546137680318,0
evt_000155_6479e128,issuer_unavailable,0,0.4,30,19,199.0,recovered,voice_call,0.8429045311145472,0
evt_000156_3d4ec9c4,issuer_unavailable,0,1.6,16,4,1499.0,none,escalate_human,0.8294707078439001,1
evt_000157_90a8f228,insufficient_funds,2,9.5,7,21,2499.0,recovered,nudge_whatsapp,0.44451372687306534,0
evt_000158_ee5c0759,do_not_honor,0,9.3,19,11,499.0,none,voice_call,0.025831238524664044,0
evt_000159_fb6dceff,insufficient_funds,0,6.8,4,12,999.0,none,retry_now,0.43906223814673967,0
evt_000160_bb0248aa,insufficient_funds,1,14.1,28,17,199.0,none,retry_now,0.42770618806804744,1
evt_000161_6071a3d2,insufficient_funds,0,2.6,29,7,199.0,none,retry_later,0.7687754290436323,1
evt_000162_8315d67c,insufficient_funds,2,23.8,30,2,999.0,recovered,stop,0.0,0
evt_000163_a25d3016,insufficient_funds,0,0.2,7,2,999.0,none,nudge_whatsapp,0.5242651828154944,0
evt_000164_63825f14,stolen_card,2,3.8,2,2,999.0,none,escalate_human,0.015906391711814714,0
evt_000165_88ef15d8,issuer_unavailable,0,19.7,31,31,499.0,none,retry_now,0.8721384336809187,1
evt_000166_32abf185,insufficient_funds,2,3.0,30,26,2499.0,recovered,nudge_sms,0.7891817065222528,1
evt_000167_f1818179,expired_card,1,6.3,30,14,999.0,none,stop,0.0,0
evt_000168_74e77d07,insufficient_funds,0,12.8,15,4,199.0,recovered,escalate_human,0.6440910108431973,0
evt_000169_7231d545,issuer_unavailable,0,2.2,27,41,199.0,none,retry_later,0.9083435974892329,0
evt_000170_df02199a,insufficient_funds,0,1.2,31,3,199.0,none,nudge_sms,0.826353352980995,1
evt_000171_e9963e8a,issuer_unavailable,0,21.4,27,9,1499.0,none,voice_call,0.7947136273052092,1
evt_000172_78d122f1,insufficient_funds,3,4.7,8,39,499.0,none,voice_call,0.4764576095741506,1
evt_000173_521ba196,expired_card,0,0.7,24,2,1499.0,none,escalate_human,0.7245345141433177,1
evt_000174_96be7f92,issuer_unavailable,1,7.0,16,32,499.0,none,stop,0.0,0
evt_000175_111b7e1d,issuer_unavailable,0,33.2,19,25,499.0,recovered,retry_now,0.8327316881958777,1
evt_000176_b799e512,do_not_honor,1,42.0,2,11,499.0,recovered,escalate_human,0.026403509502070335,0
evt_000177_a18d813d,expired_card,1,15.8,22,10,999.0,none,nudge_sms,0.4660266002957176,1
evt_000178_7d66ffbd,insufficient_funds,1,0.8,15,3,499.0,recovered,retry_later,0.3607447387466069,0
evt_000179_e50a43ed,insufficient_funds,3,2.8,9,2,499.0,recovered,retry_later,0.23541533230125938,0
evt_000180_2b62dc49,insufficient_funds,0,8.6,22,4,499.0,none,nudge_sms,0.4531425417229111,1
evt_000181_20952c44,expired_card,0,23.9,8,37,999.0,none,escalate_human,0.8374525156066244,1
evt_000182_46df6d12,insufficient_funds,0,3.3,8,3,199.0,recovered,retry_later,0.4860652941322437,0
evt_000183_50584315,insufficient_funds,0,12.2,27,5,999.0,churned,nudge_sms,0.5984403918734763,1
evt_000184_a0e161cf,do_not_honor,4,56.7,20,27,1499.0,recovered,nudge_sms,0.022977369910025615,0
evt_000185_75ff9981,insufficient_funds,0,16.2,16,12,499.0,recovered,nudge_sms,0.46452639150668634,0
evt_000186_b6824f4d,expired_card,2,17.0,7,12,499.0,none,escalate_human,0.6146893335293689,0
evt_000187_9b366ff5,insufficient_funds,1,1.3,7,3,199.0,churned,retry_later,0.4175441839320331,0
evt_000188_0f3501c1,expired_card,0,4.1,26,4,499.0,churned,escalate_human,0.7374427738214585,1
evt_000189_23daabc5,do_not_honor,0,3.1,11,6,499.0,none,stop,0.0,0
evt_000190_b3145837,expired_card,2,16.6,8,16,199.0,none,voice_call,0.5347922798188591,0
evt_000191_92380633,insufficient_funds,0,8.5,23,2,499.0,recovered,escalate_human,0.6627918860548038,1
evt_000192_3c9024aa,insufficient_funds,0,8.6,6,16,499.0,none,retry_now,0.3975762992704338,0
evt_000193_fba50c19,insufficient_funds,3,9.2,31,22,199.0,none,escalate_human,0.7841471891774855,1
evt_000194_2c7b2d10,issuer_unavailable,0,25.9,6,24,999.0,none,voice_call,0.8344880631444883,1
evt_000195_462dabee,insufficient_funds,3,2.6,29,60,499.0,none,retry_later,0.6751144992402268,1
evt_000196_c95fe404,expired_card,0,9.6,20,2,199.0,recovered,nudge_whatsapp,0.5614711520103568,0
evt_000197_4e48ec7c,expired_card,0,9.7,5,23,499.0,recovered,stop,0.0,0
evt_000198_2ff3592a,expired_card,2,23.4,17,9,199.0,none,nudge_sms,0.37346619157256483,0
evt_000199_80bc696f,issuer_unavailable,0,55.5,30,1,999.0,none,stop,0.0,0
evt_000200_40c29959,insufficient_funds,2,74.7,17,19,2499.0,none,nudge_sms,0.3329073063339552,0
evt_000201_a3629e66,stolen_card,0,0.7,20,6,999.0,none,stop,0.0,0
evt_000202_9c2cf9b1,do_not_honor,0,39.4,31,7,499.0,none,stop,0.0,0
evt_000203_d4605d5d,insufficient_funds,0,20.0,10,7,199.0,none,nudge_whatsapp,0.5086479949670318,0
evt_000204_c01b4233,insufficient_funds,3,1.4,1,7,499.0,recovered,retry_later,0.6659669267518202,0
evt_000205_befe4fa1,insufficient_funds,1,48.5,25,5,199.0,churned,retry_later,0.45236085693780004,1
evt_000206_1ba11693,expired_card,1,7.1,20,21,499.0,none,retry_now,0.0814456460734246,0
evt_000207_e357d08b,insufficient_funds,1,3.7,9,30,1499.0,none,stop,0.0,0
evt_000208_d3f0f499,insufficient_funds,0,3.4,6,1,2499.0,none,retry_now,0.32836832745342703,1
evt_000209_21ee471e,issuer_unavailable,2,20.9,13,17,499.0,recovered,stop,0.0,0
evt_000210_6a205726,insufficient_funds,0,2.7,14,16,499.0,none,escalate_human,0.6981224868032667,0
evt_000211_3f10f0c4,insufficient_funds,1,22.5,28,6,499.0,none,retry_now,0.37490850221908684,1
evt_000212_a6867bd2,insufficient_funds,1,4.5,29,8,499.0,none,retry_later,0.7050388989047509,1
evt_000213_9fa0bc20,expired_card,1,34.4,19,14,499.0,none,retry_now,0.07143266150266506,0
evt_000214_54a5fd9c,expired_card,0,36.3,14,27,999.0,none,nudge_whatsapp,0.6775695490167115,1
evt_000215_7fcb3157,stolen_card,0,11.0,20,4,199.0,none,voice_call,0.015828313967089842,0
evt_000216_83bf7fec,issuer_unavailable,0,13.1,29,15,199.0,none,retry_later,0.8747149216600391,1
evt_000217_185e35e3,insufficient_funds,2,7.7,22,5,199.0,churned,retry_now,0.18201972410769848,0
evt_000218_66d653f8,insufficient_funds,1,11.5,20,27,199.0,churned,stop,0.0,0
evt_000219_800dbd53,expired_card,2,9.6,11,4,499.0,churned,retry_later,0.062218464696043946,1
evt_000220_1bfe96d5,issuer_unavailable,2,12.8,17,8,499.0,recovered,retry_later,0.7236470150670538,1
evt_000221_4d9ea6ba,stolen_card,4,7.1,19,6,499.0,none,escalate_human,0.01536770556527555,0
evt_000222_2ca562bc,issuer_unavailable,0,10.0,16,3,499.0,none,nudge_whatsapp,0.6134602384822768,0
evt_000223_304f7181,insufficient_funds,0,79.2,31,1,499.0,none,nudge_whatsapp,0.8481288363433407,1
evt_000224_e44be979,insufficient_funds,0,15.5,9,1,999.0,none,nudge_whatsapp,0.48800694012991624,0
evt_000225_9b47ee6b,insufficient_funds,0,5.3,20,1,199.0,churned,stop,0.0,0
evt_000226_564e9f2b,insufficient_funds,0,41.0,18,6,499.0,churned,stop,0.0,0
evt_000227_7e7af3ca,insufficient_funds,0,4.9,23,2,499.0,recovered,retry_later,0.4810707360908991,0
evt_000228_534d00ff,issuer_unavailable,1,1.8,14,75,999.0,none,stop,0.0,0
evt_000229_799b1224,issuer_unavailable,0,0.7,27,9,499.0,none,retry_later,0.8524032585812423,1
evt_000230_91424d66,insufficient_funds,3,0.1,29,21,2499.0,none,stop,0.0,0
evt_000231_c3553b8c,stolen_card,3,45.1,6,2,999.0,none,nudge_whatsapp,0.014593183952298106,0
evt_000232_7b22dba7,issuer_unavailable,0,40.5,13,2,999.0,recovered,nudge_whatsapp,0.6091315337871595,1
evt_000233_78f3b50d,insufficient_funds,3,6.2,1,5,199.0,none,nudge_sms,0.6341355910108007,0
evt_000234_8563a077,insufficient_funds,2,18.8,23,24,199.0,none,nudge_whatsapp,0.44133315667127887,0
evt_000235_ed3a46ef,expired_card,4,8.9,14,13,499.0,none,retry_now,0.025646295338497445,0
evt_000236_c125ccad,insufficient_funds,0,22.1,24,7,999.0,none,escalate_human,0.6962427248229031,1
evt_000237_f3f62e1f,insufficient_funds,2,3.6,9,2,999.0,none,retry_now,0.1732562373044906,0
evt_000238_7468df18,insufficient_funds,0,4.6,5,3,199.0,none,nudge_sms,0.5401221886197163,0
evt_000239_5fabfba7,insufficient_funds,0,9.3,11,2,999.0,none,nudge_whatsapp,0.47696147196949884,1
evt_000240_348d4339,insufficient_funds,1,9.1,19,13,199.0,recovered,escalate_human,0.6096368866925846,1
evt_000241_f14167ab,issuer_unavailable,2,1.2,24,19,1499.0,churned,escalate_human,0.7697795871502857,1
evt_000242_5dd0014c,issuer_unavailable,0,6.3,14,22,199.0,none,retry_now,0.8238459621165,1
evt_000243_d7b83699,issuer_unavailable,4,9.8,1,2,1499.0,none,retry_now,0.4850044983805899,0
evt_000244_0bbd4f28,insufficient_funds,3,10.3,3,16,499.0,none,escalate_human,0.6198199241504446,1
evt_000245_dc0a35bf,insufficient_funds,2,5.4,11,23,199.0,none,nudge_whatsapp,0.40800484228392225,0
evt_000246_6738e421,insufficient_funds,1,7.4,13,50,499.0,none,nudge_sms,0.501199926168566,0
evt_000247_594eee82,issuer_unavailable,0,23.3,2,3,1499.0,none,voice_call,0.7863908956732978,1
evt_000248_90866559,insufficient_funds,0,24.1,16,2,999.0,churned,retry_later,0.43976071660575,1
evt_000249_9b45b00e,expired_card,4,5.1,17,8,499.0,none,retry_later,0.03431101920059064,0
evt_000250_59014701,stolen_card,0,1.1,1,4,199.0,none,escalate_human,0.016463644763656287,0
evt_000251_08663c71,insufficient_funds,0,7.8,31,6,199.0,none,nudge_sms,0.8347951298093854,1
evt_000252_4a9f04f7,stolen_card,3,42.0,24,16,499.0,recovered,retry_now,0.01389135269805543,0
evt_000253_c3c71823,do_not_honor,0,8.9,23,12,1499.0,none,escalate_human,0.026857118784809644,1
evt_000254_720c2488,insufficient_funds,1,1.4,24,8,999.0,none,nudge_whatsapp,0.466833035359999,0
evt_000255_db5b33df,insufficient_funds,0,0.6,21,2,499.0,none,nudge_whatsapp,0.48365468383464855,1
evt_000256_2f635811,do_not_honor,0,10.9,9,4,499.0,none,nudge_sms,0.024602428402739435,0
evt_000257_80af979b,insufficient_funds,1,9.1,15,2,2499.0,recovered,escalate_human,0.5506172599958505,0
evt_000258_94095744,insufficient_funds,1,1.1,26,27,499.0,none,retry_later,0.5964835870554198,1
evt_000259_edfa32be,issuer_unavailable,1,3.1,11,19,199.0,none,voice_call,0.7571531962760888,1
evt_000260_11df34e0,insufficient_funds,3,19.7,21,1,499.0,none,nudge_sms,0.2082667911307158,0
evt_000261_b7d2eeeb,insufficient_funds,0,11.3,8,13,199.0,none,nudge_whatsapp,0.5607599244256277,0
evt_000262_a7a16158,insufficient_funds,0,25.7,30,20,199.0,recovered,stop,0.0,0
evt_000263_40d8c453,expired_card,0,0.2,4,6,999.0,none,voice_call,0.6667619282307233,0
evt_000264_e383259f,do_not_honor,0,5.1,24,3,499.0,none,escalate_human,0.026857118784809644,0
evt_000265_0f857f0d,insufficient_funds,0,2.2,22,8,499.0,none,retry_later,0.4980046499233727,1
evt_000266_ff5e5f34,insufficient_funds,1,35.4,24,30,1499.0,recovered,nudge_sms,0.5267586689965265,1
evt_000267_0f083000,expired_card,4,2.6,1,11,199.0,recovered,retry_now,0.02988667980363625,0
evt_000268_14babf1f,do_not_honor,1,4.7,23,5,999.0,recovered,retry_now,0.023487940058211195,0
evt_000269_09537d42,insufficient_funds,2,2.9,16,13,499.0,recovered,nudge_sms,0.3053110218506239,0
evt_000270_b111116a,do_not_honor,2,5.7,3,8,2499.0,recovered,voice_call,0.02496496406763323,0
evt_000271_9c4b2b88,insufficient_funds,0,21.7,20,1,999.0,churned,retry_now,0.28291327042031444,1
evt_000272_35fe5c24,issuer_unavailable,0,3.3,15,3,499.0,none,voice_call,0.7616742821304247,0
evt_000273_e5eb3294,insufficient_funds,0,7.8,24,13,199.0,recovered,nudge_sms,0.5292508210982304,1
evt_000274_9d8f0d5a,insufficient_funds,0,17.1,29,1,499.0,churned,nudge_sms,0.7273878004407062,1
evt_000275_357e6077,issuer_unavailable,0,3.3,5,12,199.0,none,nudge_sms,0.6207468504273772,0
evt_000276_35e41617,insufficient_funds,1,2.2,27,3,199.0,recovered,stop,0.0,0
evt_000277_49be4c4f,expired_card,0,36.5,22,2,199.0,none,escalate_human,0.7218981582885641,0
evt_000278_bc2811fa,issuer_unavailable,0,7.0,8,12,499.0,churned,nudge_sms,0.6128704996322594,0
evt_000279_266ee3ff,insufficient_funds,0,28.8,4,15,499.0,none,voice_call,0.7140286012046836,1
evt_000280_598f2385,issuer_unavailable,0,12.8,17,4,499.0,none,escalate_human,0.8295759248429936,1
evt_000281_df423a3e,insufficient_funds,1,41.0,4,1,199.0,none,retry_later,0.5172359025129656,0
evt_000282_2d61b6f9,insufficient_funds,1,2.6,31,24,999.0,none,nudge_whatsapp,0.861761726827506,1
evt_000283_02cc9e2c,stolen_card,0,3.3,16,13,499.0,recovered,retry_now,0.014629178170484324,0
evt_000284_77c5446c,do_not_honor,0,58.0,28,4,499.0,churned,nudge_whatsapp,0.025086962153479813,0
evt_000285_ae90bae2,insufficient_funds,1,7.4,11,3,499.0,none,retry_now,0.22442616702600912,1
evt_000286_c3543141,insufficient_funds,2,2.3,4,9,999.0,none,retry_now,0.2679656217677543,0
evt_000287_b11ce395,expired_card,2,15.2,28,9,999.0,churned,voice_call,0.5206590875545238,0
evt_000288_30c770c9,insufficient_funds,2,15.7,21,12,499.0,none,retry_now,0.19936017046222887,0
evt_000289_0c901de5,issuer_unavailable,1,37.4,20,4,999.0,none,escalate_human,0.7750648907667561,1
evt_000290_066f6f35,insufficient_funds,0,5.0,19,28,999.0,none,nudge_sms,0.5519535324373545,1
evt_000291_979f54c5,expired_card,2,13.8,30,3,499.0,recovered,voice_call,0.51499550161941,0
evt_000292_5eb5a9a1,insufficient_funds,0,2.9,17,3,499.0,churned,nudge_sms,0.4218789343577031,0
evt_000293_8151bb9d,insufficient_funds,0,8.2,27,14,999.0,none,nudge_sms,0.6408305848762919,1
evt_000294_e6b94174,insufficient_funds,0,6.6,30,30,499.0,none,voice_call,0.8909031788043871,1
evt_000295_3634aa36,issuer_unavailable,0,31.7,24,4,499.0,none,stop,0.0,0
evt_000296_9950dc37,stolen_card,1,13.1,30,17,499.0,none,retry_later,0.01495708659314999,0
evt_000297_18c4cc45,do_not_honor,0,4.0,29,6,199.0,none,nudge_whatsapp,0.025086962153479813,0
evt_000298_c583129c,do_not_honor,0,2.6,20,44,499.0,none,voice_call,0.025831238524664044,0
evt_000299_a3a370dc,insufficient_funds,3,10.0,6,12,199.0,none,escalate_human,0.4886084326188608,0
evt_000300_00000e98,insufficient_funds,0,6.5,14,3,2499.0,none,voice_call,0.5444754445870391,1
evt_000301_51d59a45,issuer_unavailable,0,10.3,24,3,999.0,none,stop,0.0,0
evt_000302_3d0194e6,issuer_unavailable,0,21.8,9,28,999.0,none,voice_call,0.842094659877774,1
evt_000303_9a9c1e17,insufficient_funds,0,22.0,3,1,499.0,recovered,stop,0.0,0
evt_000304_79c322db,issuer_unavailable,1,10.8,26,6,199.0,churned,nudge_sms,0.505679612602953,0
evt_000305_06a91398,insufficient_funds,0,0.3,19,5,199.0,none,nudge_whatsapp,0.4871445620891901,0
evt_000306_dacc6c9b,do_not_honor,1,1.5,24,4,1499.0,none,nudge_sms,0.024185953768396405,0
evt_000307_6827b44b,stolen_card,0,10.8,17,22,199.0,none,nudge_whatsapp,0.01536770556527555,0
evt_000308_cdc3b5be,expired_card,0,24.0,8,37,499.0,recovered,retry_now,0.1467145080976016,0
evt_000309_45694ae1,insufficient_funds,2,20.4,29,6,2499.0,none,stop,0.0,0
evt_000310_9592f8e5,issuer_unavailable,0,11.7,29,11,499.0,none,stop,0.0,0
evt_000311_151a002d,issuer_unavailable,2,18.5,22,5,499.0,none,nudge_whatsapp,0.4536079921093201,1
evt_000312_60b30b95,expired_card,2,4.5,7,20,999.0,recovered,retry_now,0.058804475081343066,0
evt_000313_aa21e555,stolen_card,0,29.3,13,13,1499.0,none,escalate_human,0.016463644763656287,0
evt_000314_898eec51,insufficient_funds,2,17.4,4,9,199.0,none,nudge_whatsapp,0.494742928287492,1
evt_000315_ce4a0536,insufficient_funds,1,9.0,10,8,499.0,none,voice_call,0.4949256481524825,1
evt_000316_39ff0d2e,issuer_unavailable,2,3.8,16,16,999.0,recovered,retry_later,0.7543374026451809,1
evt_000317_274b43e1,insufficient_funds,1,8.9,24,5,499.0,churned,voice_call,0.5098660683586129,1
evt_000318_0f7f0c27,stolen_card,2,6.7,28,12,199.0,none,stop,0.0,0
evt_000319_dee861e0,expired_card,1,3.0,23,13,499.0,recovered,escalate_human,0.6962268623042985,1
evt_000320_5a357f6d,issuer_unavailable,4,6.6,6,5,199.0,recovered,stop,0.0,0
evt_000321_39f5306e,issuer_unavailable,4,0.2,14,10,999.0,none,nudge_whatsapp,0.3105872572183942,0
evt_000322_6dabc334,expired_card,2,3.0,6,33,1499.0,none,voice_call,0.6219363339973806,1
evt_000323_4c7b7974,insufficient_funds,0,15.1,25,20,999.0,none,retry_later,0.6127445666446988,1
evt_000324_4d440c0d,insufficient_funds,2,12.4,27,16,199.0,none,escalate_human,0.6536293985449113,1
evt_000325_7f3d15f9,insufficient_funds,1,24.8,4,24,999.0,recovered,retry_now,0.41217802513448704,1
evt_000326_86920e56,issuer_unavailable,1,10.0,21,3,499.0,none,voice_call,0.6942273001381728,1
evt_000327_f1dec071,expired_card,2,5.7,7,2,999.0,none,stop,0.0,0
evt_000328_a7f21118,issuer_unavailable,0,1.9,21,1,199.0,none,retry_later,0.822000083240544,1
evt_000329_59f60fc1,expired_card,1,9.0,18,4,999.0,none,stop,0.0,0
evt_000330_75933758,stolen_card,2,14.9,23,19,499.0,none,escalate_human,0.015906391711814714,1
evt_000331_c538a1be,issuer_unavailable,0,12.3,19,8,499.0,recovered,retry_now,0.7799049074058941,1
evt_000332_e74dcb71,insufficient_funds,2,20.7,6,1,199.0,none,nudge_whatsapp,0.3725865543885831,0
evt_000333_48542cac,insufficient_funds,3,0.9,21,2,2499.0,churned,voice_call,0.3014720035043099,1
evt_000334_0e8f7a52,insufficient_funds,2,22.3,15,2,499.0,none,retry_later,0.2804696413003781,0
evt_000335_d38fa44c,issuer_unavailable,1,21.0,17,1,999.0,none,nudge_sms,0.4681991707428975,0
evt_000336_c2362083,insufficient_funds,1,2.9,8,1,999.0,none,voice_call,0.4764576095741506,0
evt_000337_61571e84,do_not_honor,0,42.2,9,39,499.0,recovered,stop,0.0,0
evt_000338_01b1e323,insufficient_funds,1,0.9,15,3,499.0,none,escalate_human,0.5555608484524331,0
evt_000339_6912b140,stolen_card,0,8.7,28,1,199.0,none,nudge_whatsapp,0.01536770556527555,0
evt_000340_1e911fab,insufficient_funds,1,0.0,9,10,199.0,none,nudge_sms,0.3969998739279249,0
evt_000341_543e402d,insufficient_funds,0,20.5,13,1,2499.0,none,retry_now,0.2780092169017072,0
evt_000342_8b4a4cf2,insufficient_funds,4,0.9,31,17,499.0,none,nudge_whatsapp,0.6547534606063191,1
evt_000343_ee65f677,stolen_card,0,5.0,10,1,1499.0,none,stop,0.0,0
evt_000344_9cd52f8f,insufficient_funds,1,16.1,22,17,199.0,none,retry_later,0.45562172653209787,0
evt_000345_dab97c66,expired_card,4,0.1,28,18,199.0,none,retry_later,0.0457682225293066,0
evt_000346_69694d41,insufficient_funds,1,10.7,19,1,499.0,recovered,stop,0.0,0
evt_000347_aab59610,issuer_unavailable,0,0.8,29,1,2499.0,none,retry_later,0.840681330295177,1
evt_000348_fd7bb3de,insufficient_funds,0,4.3,6,12,2499.0,recovered,stop,0.0,0
evt_000349_2750e10a,expired_card,0,25.1,25,3,199.0,none,nudge_whatsapp,0.5738985366692225,1
evt_000350_ae5b99c1,expired_card,3,1.8,29,22,499.0,none,nudge_sms,0.3853990894442084,0
evt_000351_520954d4,issuer_unavailable,0,12.1,7,5,1499.0,none,voice_call,0.7733048283677638,0
evt_000352_31bb48dc,expired_card,1,15.1,21,20,499.0,none,escalate_human,0.72311327855133,1
evt_000353_9b333d96,insufficient_funds,0,10.1,29,11,999.0,recovered,retry_later,0.7826896073009246,1
evt_000354_e9f050c1,issuer_unavailable,0,11.2,18,4,2499.0,none,voice_call,0.765605804536503,1
evt_000355_d447d631,insufficient_funds,1,2.0,13,28,199.0,none,escalate_human,0.676042124378343,0
evt_000356_42127f22,do_not_honor,2,4.8,10,2,999.0,churned,retry_later,0.024009576565228712,0
evt_000357_1770771d,insufficient_funds,0,57.7,19,17,499.0,none,nudge_whatsapp,0.547002536425471,1
evt_000358_d98a0ed2,issuer_unavailable,0,16.4,27,2,499.0,none,retry_later,0.8339072597443332,1
evt_000359_fc40da18,issuer_unavailable,0,1.1,18,18,1499.0,recovered,voice_call,0.8120923013656551,1
evt_000360_63988fb5,stolen_card,0,5.0,24,9,199.0,recovered,nudge_whatsapp,0.01536770556527555,0
evt_000361_18f8b09c,expired_card,1,3.5,15,2,199.0,none,voice_call,0.5478235366791099,0
evt_000362_cd679c4d,insufficient_funds,2,15.5,14,12,499.0,none,retry_later,0.3240842521564276,0
evt_000363_bb4be877,insufficient_funds,3,10.4,17,48,1499.0,none,escalate_human,0.546954540687215,0
evt_000364_16622050,insufficient_funds,0,2.8,19,19,999.0,recovered,nudge_whatsapp,0.5568942506019638,1
evt_000365_50f76c50,issuer_unavailable,1,11.3,13,51,1499.0,churned,stop,0.0,0
evt_000366_2112e6c4,insufficient_funds,0,10.9,15,9,199.0,churned,retry_later,0.4744888643308392,1
evt_000367_320704a4,expired_card,1,14.9,18,10,199.0,churned,nudge_sms,0.4634809284411688,0
evt_000368_ae5a57d9,expired_card,1,6.5,8,7,199.0,none,escalate_human,0.6702673291198717,1
evt_000369_4546be14,insufficient_funds,0,4.3,25,8,199.0,none,nudge_whatsapp,0.5790472888869187,1
evt_000370_9fd1fd25,stolen_card,0,9.6,22,3,199.0,recovered,nudge_whatsapp,0.01536770556527555,0
evt_000371_c2d24f4e,insufficient_funds,2,7.5,1,6,2499.0,none,nudge_sms,0.7150421057009897,0
evt_000372_67e25aa3,expired_card,1,11.3,20,11,199.0,none,nudge_sms,0.46932228216638683,0
evt_000373_5a967ad2,insufficient_funds,0,1.4,27,9,499.0,churned,retry_now,0.424343274661543,1
evt_000374_f198bc3f,expired_card,1,34.3,5,3,199.0,none,escalate_human,0.6598710053121494,0
evt_000375_9aa88a0c,expired_card,1,20.0,15,1,1499.0,none,voice_call,0.5428647008043602,1
evt_000376_0984ba1a,stolen_card,0,8.5,16,4,199.0,none,stop,0.0,0
evt_000377_ba1d62ff,do_not_honor,0,12.0,10,1,499.0,none,retry_later,0.024843544141003683,0
evt_000378_c28b9ea1,issuer_unavailable,0,1.9,13,21,999.0,churned,escalate_human,0.8725463634559659,1
evt_000379_eaab8f21,stolen_card,0,0.1,8,3,199.0,none,retry_now,0.014629178170484324,0
evt_000380_f8764a90,issuer_unavailable,0,18.8,25,3,199.0,none,retry_now,0.7681287533778725,1
evt_000381_54a23ce7,do_not_honor,2,29.8,6,1,499.0,none,retry_now,0.02308988508896221,0
evt_000382_3cebbcf7,issuer_unavailable,0,11.2,4,7,2499.0,none,retry_later,0.8472995183404702,1
evt_000383_5aeeaba8,do_not_honor,1,8.9,25,4,499.0,none,nudge_sms,0.024185953768396405,0
evt_000384_9cc6d041,issuer_unavailable,4,3.3,28,1,499.0,none,retry_later,0.555441940922976,1
evt_000385_cdd30520,insufficient_funds,1,0.6,1,21,199.0,none,retry_now,0.6153837563911821,1
evt_000386_1058899a,insufficient_funds,2,28.4,8,2,2499.0,none,retry_later,0.31523587644794887,1
evt_000387_a443db37,expired_card,2,10.6,13,13,199.0,none,nudge_whatsapp,0.44118926748280973,0
evt_000388_08cb9083,insufficient_funds,0,20.6,9,43,499.0,none,retry_now,0.4544458832667569,0
evt_000389_6ef197cd,expired_card,1,20.4,8,6,999.0,none,nudge_whatsapp,0.497348623245166,0
evt_000390_21ddb24e,stolen_card,0,7.1,1,2,199.0,none,nudge_whatsapp,0.01536770556527555,0
evt_000391_99809fca,stolen_card,3,7.3,25,8,199.0,recovered,voice_call,0.015030932391980651,0
evt_000392_18cee354,insufficient_funds,0,9.1,3,24,999.0,none,retry_later,0.7605127188266175,1
evt_000393_d8ccbf6d,do_not_honor,1,12.9,3,6,199.0,none,stop,0.0,0
evt_000394_735dbc9f,insufficient_funds,1,20.2,12,4,499.0,none,escalate_human,0.5660581190487441,1
evt_000395_d25fb81d,insufficient_funds,1,5.2,26,8,999.0,none,escalate_human,0.6635235071607741,1
evt_000396_8681e9c3,insufficient_funds,0,9.5,4,3,499.0,none,nudge_whatsapp,0.6362144018255879,0
evt_000397_ad8da8d1,insufficient_funds,0,7.8,27,8,499.0,none,voice_call,0.6846082408687845,1
evt_000398_65eaf6fd,insufficient_funds,2,0.7,5,2,499.0,none,voice_call,0.4524035531392715,1
evt_000399_0297d613,issuer_unavailable,3,2.0,5,21,499.0,none,stop,0.0,0
evt_000400_8fe263c6,issuer_unavailable,3,1.5,22,8,199.0,none,retry_later,0.6511042703509629,1
evt_000401_f95f3f7b,expired_card,3,0.3,23,6,499.0,none,retry_now,0.03196565238279968,0
evt_000402_70b7087c,do_not_honor,2,14.0,17,33,499.0,none,escalate_human,0.02595735719779684,0
evt_000403_19cec641,insufficient_funds,1,2.4,15,12,499.0,recovered,nudge_sms,0.37939116182670024,0
evt_000404_109288c7,do_not_honor,0,17.2,27,2,199.0,none,voice_call,0.025831238524664044,0
evt_000405_161baae8,stolen_card,2,30.8,6,2,499.0,none,nudge_whatsapp,0.014846987339556741,0
evt_000406_70c4e531,issuer_unavailable,0,1.9,1,2,499.0,recovered,retry_later,0.8506870654691563,1
evt_000407_56300edb,expired_card,0,63.9,2,28,199.0,none,voice_call,0.769112426895608,0
evt_000408_a264fd3d,stolen_card,3,0.1,25,17,499.0,recovered,nudge_sms,0.014308354154379218,0
evt_000409_01b82028,expired_card,2,5.9,13,10,2499.0,none,nudge_sms,0.3784019027970908,0
evt_000410_cb257a6a,insufficient_funds,1,18.9,18,17,1499.0,churned,nudge_sms,0.40728504929223885,0
evt_000411_9075b754,expired_card,2,6.1,17,3,999.0,recovered,voice_call,0.4657100959589893,0
evt_000412_9e1032fd,issuer_unavailable,0,27.0,16,44,199.0,recovered,retry_later,0.9021972703740198,1
evt_000413_b7910b9b,insufficient_funds,2,8.3,31,1,499.0,recovered,nudge_whatsapp,0.7349725994665188,1
evt_000414_be26baf5,do_not_honor,1,11.4,16,41,999.0,churned,retry_later,0.024423090054107196,0
evt_000415_f8a494e4,expired_card,1,2.2,3,2,1499.0,none,nudge_whatsapp,0.4981708641114413,0
evt_000416_cca64862,insufficient_funds,0,8.0,16,7,499.0,none,stop,0.0,0
evt_000417_0438c568,issuer_unavailable,0,4.9,10,6,499.0,none,escalate_human,0.8361638047933728,1
evt_000418_5766f7c3,issuer_unavailable,2,6.6,28,4,499.0,none,stop,0.0,0
evt_000419_ff65db6e,insufficient_funds,2,11.6,21,7,499.0,none,nudge_whatsapp,0.3395265968794889,1
evt_000420_f0737160,stolen_card,1,31.2,16,17,499.0,churned,stop,0.0,0
evt_000421_2f37d9b8,stolen_card,2,2.2,1,3,499.0,recovered,nudge_whatsapp,0.014846987339556741,0
evt_000422_3bad73ed,insufficient_funds,0,2.5,10,35,499.0,recovered,retry_later,0.6211883991050955,0
evt_000423_12decb4d,expired_card,0,27.2,13,67,499.0,none,stop,0.0,0
evt_000424_bef2a11a,insufficient_funds,2,18.3,25,18,199.0,none,nudge_whatsapp,0.4548393221240167,1
evt_000425_ff67a879,do_not_honor,3,11.2,22,3,499.0,none,nudge_sms,0.023373531597967217,0
evt_000426_c5b63856,insufficient_funds,0,10.7,1,9,999.0,none,nudge_whatsapp,0.8676111264579346,0
evt_000427_9d723ce5,issuer_unavailable,1,13.1,11,7,2499.0,none,retry_later,0.7853523794404634,1
evt_000428_ba746c6e,do_not_honor,1,18.4,14,27,999.0,none,retry_later,0.024423090054107196,0
evt_000429_3094a506,stolen_card,1,2.1,15,2,999.0,none,voice_call,0.015558000113418654,0
evt_000430_812d6b29,insufficient_funds,0,17.4,17,6,199.0,recovered,retry_later,0.4613112630695926,0
evt_000431_599c6ebf,insufficient_funds,2,7.0,30,7,199.0,none,retry_later,0.7388500060842489,1
evt_000432_80832e64,insufficient_funds,2,0.5,5,3,1499.0,recovered,retry_later,0.39193984672891297,0
evt_000433_adf07d63,insufficient_funds,0,3.2,31,19,499.0,none,nudge_sms,0.8676111264579346,1
evt_000434_09748d38,expired_card,2,2.1,11,4,499.0,none,retry_now,0.0425796863343086,0
evt_000435_bce4354e,insufficient_funds,0,7.8,24,6,2499.0,none,retry_now,0.33391504826092366,0
evt_000436_af8eacea,issuer_unavailable,0,22.3,2,24,499.0,none,voice_call,0.8485542137780384,1
evt_000437_0c215f85,insufficient_funds,2,4.5,14,11,199.0,none,voice_call,0.41056582555263377,0
evt_000438_3dae7228,insufficient_funds,1,29.9,21,20,2499.0,recovered,stop,0.0,0
evt_000439_da286a6b,do_not_honor,1,4.1,26,4,499.0,none,stop,0.0,0
evt_000440_ad239d88,insufficient_funds,2,16.1,27,18,199.0,recovered,retry_now,0.3047099444373383,1
evt_000441_c1c579e7,do_not_honor,1,8.5,29,37,499.0,recovered,retry_later,0.024423090054107196,0
evt_000442_cb44d08a,insufficient_funds,0,27.6,14,17,199.0,recovered,retry_later,0.5162280693246891,0
evt_000443_400b35c9,insufficient_funds,0,2.7,24,9,999.0,none,nudge_whatsapp,0.5590079971698443,1
evt_000444_7b2b9e75,insufficient_funds,3,3.8,9,65,199.0,none,escalate_human,0.5664242493671363,0
evt_000445_0ef43ea8,issuer_unavailable,0,9.4,10,8,2499.0,none,voice_call,0.7807354577481552,0
evt_000446_7817a656,issuer_unavailable,1,1.7,25,21,2499.0,none,nudge_whatsapp,0.6242847661395974,0
evt_000447_d60baf1d,insufficient_funds,1,18.0,7,2,499.0,none,stop,0.0,0
evt_000448_036ea134,insufficient_funds,0,4.0,7,8,999.0,none,nudge_whatsapp,0.5540719752820986,1
evt_000449_c742a1bd,insufficient_funds,0,1.7,3,1,199.0,none,nudge_sms,0.64462439149917,0
evt_000450_c9d09456,stolen_card,2,7.8,20,7,499.0,none,escalate_human,0.015906391711814714,0
evt_000451_6e4e78fd,insufficient_funds,0,2.9,25,9,499.0,none,escalate_human,0.7199927897458264,1
evt_000452_8c5df2b9,issuer_unavailable,0,10.3,23,9,499.0,none,nudge_sms,0.5985421479684323,1
evt_000453_9ef4ba24,issuer_unavailable,0,7.6,23,1,999.0,none,voice_call,0.757568431583961,1
evt_000454_dcb6f589,expired_card,1,41.5,20,11,999.0,recovered,nudge_whatsapp,0.5192741442096107,1
evt_000455_3c7c082c,insufficient_funds,0,7.5,27,3,199.0,recovered,nudge_sms,0.5887913044162316,1
evt_000456_ac0fda47,insufficient_funds,0,0.4,22,25,499.0,churned,nudge_whatsapp,0.606355578128334,1
evt_000457_52f9cdf4,insufficient_funds,1,5.4,5,2,199.0,none,nudge_sms,0.4478984565666574,1
evt_000458_a44dcb40,insufficient_funds,3,0.4,13,8,999.0,churned,nudge_whatsapp,0.25822775417110483,0
evt_000459_b67fb74a,stolen_card,0,18.2,3,22,499.0,none,escalate_human,0.016463644763656287,0
evt_000460_7bbb3d9c,issuer_unavailable,3,6.9,16,10,499.0,none,nudge_whatsapp,0.3898080152331633,0
evt_000461_313b7e30,do_not_honor,1,8.7,4,33,999.0,recovered,nudge_sms,0.024185953768396405,0
evt_000462_b14da8f2,issuer_unavailable,0,19.0,26,3,499.0,none,nudge_sms,0.5775489034014558,1
evt_000463_84c9a2ee,expired_card,0,2.0,27,15,1499.0,none,stop,0.0,0
evt_000464_509dc4f7,issuer_unavailable,2,3.8,18,16,499.0,none,retry_later,0.7546675566910412,1
evt_000465_829a4218,issuer_unavailable,0,3.9,9,4,199.0,none,voice_call,0.7674372596680119,1
evt_000466_d1e2d76c,issuer_unavailable,0,20.3,6,3,199.0,recovered,escalate_human,0.8317071978018583,1
evt_000467_4b9a9687,stolen_card,3,12.9,4,19,2499.0,churned,retry_now,0.01389135269805543,0
evt_000468_0ef6ccae,insufficient_funds,0,6.9,13,6,499.0,none,nudge_sms,0.4390052226820091,0
evt_000469_7f7acd4a,insufficient_funds,0,9.9,18,44,199.0,none,retry_later,0.6117798010586611,1
evt_000470_e8d5fb9a,insufficient_funds,0,39.5,2,3,499.0,none,retry_later,0.7542500687819317,1
evt_000471_3bf636c2,insufficient_funds,0,4.9,2,15,199.0,none,stop,0.0,0
evt_000472_01e5fb95,insufficient_funds,0,14.6,8,11,199.0,recovered,retry_later,0.5260381084982347,0
evt_000473_5b6bed7c,insufficient_funds,1,2.1,3,2,199.0,none,nudge_whatsapp,0.6143163444422696,1
evt_000474_fee3e438,stolen_card,0,10.7,6,21,499.0,none,stop,0.0,0
evt_000475_1675fbbb,expired_card,0,9.9,13,14,999.0,churned,nudge_sms,0.5704440587834144,0
evt_000476_b29dc013,issuer_unavailable,3,16.9,21,5,499.0,none,escalate_human,0.6364426865701076,1
evt_000477_1fbfc339,insufficient_funds,2,21.1,2,9,999.0,none,escalate_human,0.7277315762976218,0
evt_000478_c02cecf3,insufficient_funds,0,27.7,15,13,999.0,churned,retry_later,0.49446691808892684,1
evt_000479_ab460979,insufficient_funds,2,32.0,6,8,499.0,recovered,nudge_sms,0.35867116042121744,1
evt_000480_bd859b91,insufficient_funds,1,1.1,22,1,999.0,churned,stop,0.0,0
evt_000481_2e56a95b,insufficient_funds,1,2.5,31,2,499.0,none,retry_later,0.7841471891774855,1
evt_000482_0ef6dbfb,issuer_unavailable,0,11.1,5,17,499.0,none,stop,0.0,0
evt_000483_ec5860a9,issuer_unavailable,1,2.5,21,3,999.0,recovered,retry_later,0.7720560549375389,1
evt_000484_26bdd402,insufficient_funds,1,4.0,7,5,1499.0,none,voice_call,0.5098660683586129,0
evt_000485_a8a46dd9,insufficient_funds,3,1.9,30,5,1499.0,none,voice_call,0.6341355910108007,1
evt_000486_9e301682,expired_card,1,9.9,26,5,499.0,recovered,stop,0.0,0
evt_000487_51676eb6,issuer_unavailable,3,4.0,19,16,2499.0,none,stop,0.0,0
evt_000488_0a77ffff,issuer_unavailable,2,18.3,17,5,499.0,none,retry_now,0.6230759576431537,1
evt_000489_82a4b823,insufficient_funds,1,48.6,24,6,499.0,none,voice_call,0.514862969015002,1
evt_000490_0d792e2d,issuer_unavailable,0,0.7,12,19,499.0,none,stop,0.0,0
evt_000491_3fff21c3,issuer_unavailable,0,5.7,23,1,1499.0,none,voice_call,0.757568431583961,1
evt_000492_3b0aaf2d,issuer_unavailable,0,22.6,7,11,499.0,none,voice_call,0.7936497141935427,1
evt_000493_04f7cd2c,issuer_unavailable,0,54.7,7,20,999.0,none,voice_call,0.8215767842491859,1
evt_000494_8e85e22f,expired_card,2,15.8,31,3,999.0,none,nudge_whatsapp,0.44028635073280714,1
evt_000495_eb365862,insufficient_funds,0,0.6,30,1,999.0,none,nudge_whatsapp,0.8481288363433407,1
evt_000496_e6de66a8,issuer_unavailable,0,13.1,9,2,199.0,none,retry_now,0.7602219434227027,1
evt_000497_ce652fd4,issuer_unavailable,1,32.2,8,1,499.0,none,retry_later,0.7666327345044353,1
evt_000498_3d1c5715,insufficient_funds,0,9.7,12,10,999.0,none,retry_later,0.4871445620891901,1
evt_000499_f9d43a5d,insufficient_funds,0,1.5,16,10,1499.0,none,retry_later,0.47947822734532014,0
evt_000500_f6ab641a,insufficient_funds,4,0.6,18,10,999.0,none,nudge_whatsapp,0.20339641936048672,0
evt_000501_2bffa171,do_not_honor,1,8.2,20,6,499.0,none,escalate_human,0.026403509502070335,0
evt_000502_6bc7ab3e,do_not_honor,0,8.2,9,17,499.0,none,retry_later,0.024843544141003683,0
evt_000503_2fcf28df,do_not_honor,0,0.7,18,62,499.0,churned,nudge_whatsapp,0.025086962153479813,0
evt_000504_6f508646,do_not_honor,1,4.1,9,10,999.0,recovered,retry_now,0.023487940058211195,1
evt_000505_c1c69467,issuer_unavailable,2,14.5,3,1,499.0,recovered,retry_later,0.7155885561411635,1
evt_000506_9666e8bd,insufficient_funds,0,9.3,22,6,1499.0,none,stop,0.0,0
evt_000507_e8e83ad0,insufficient_funds,4,2.0,7,3,199.0,none,retry_now,0.10428165063962756,0
evt_000508_692b3057,insufficient_funds,1,18.5,13,38,499.0,recovered,retry_later,0.526175975338548,1
evt_000509_ff4fc1be,insufficient_funds,0,8.0,6,15,499.0,none,nudge_sms,0.5643569301812413,0
evt_000510_3b939db5,do_not_honor,0,13.8,9,24,999.0,recovered,escalate_human,0.026857118784809644,0
evt_000511_659ed2a8,issuer_unavailable,1,1.2,26,2,199.0,recovered,retry_later,0.7760370152607111,0
evt_000512_3b0390e5,insufficient_funds,3,2.0,29,12,999.0,none,retry_later,0.562523393978121,1
evt_000513_04aacaa5,issuer_unavailable,2,1.7,1,11,199.0,recovered,retry_now,0.6942363401080306,0
evt_000514_fe03c29b,do_not_honor,1,9.8,24,6,199.0,none,voice_call,0.02539450392504494,0
evt_000515_0d4cc25f,expired_card,3,7.4,22,3,199.0,none,nudge_whatsapp,0.31516031904696024,0
evt_000516_e44d7e63,expired_card,0,10.0,31,5,199.0,none,retry_now,0.09975048911968518,0
evt_000517_48b49aec,issuer_unavailable,0,16.7,7,11,199.0,recovered,retry_later,0.8515824901039298,1
evt_000518_f579d765,insufficient_funds,0,11.0,17,10,1499.0,none,nudge_whatsapp,0.5062334481784737,0
evt_000519_277c828f,issuer_unavailable,0,40.9,9,7,499.0,none,nudge_whatsapp,0.6350391794954502,1
evt_000520_711a1470,insufficient_funds,2,23.3,24,18,199.0,none,escalate_human,0.5864889030474991,0
evt_000521_77e4fb77,do_not_honor,0,31.8,24,3,199.0,recovered,retry_later,0.024843544141003683,0
evt_000522_a0a61e12,expired_card,1,0.6,8,1,499.0,none,voice_call,0.5472075704576946,0
evt_000523_2e28e412,insufficient_funds,1,5.8,17,1,199.0,none,retry_later,0.3531857776642558,0
evt_000524_cdfb7acf,do_not_honor,0,8.9,28,11,999.0,none,nudge_sms,0.024602428402739435,0
evt_000525_4be00cea,insufficient_funds,0,19.0,21,3,499.0,none,stop,0.0,0
evt_000526_7e897509,issuer_unavailable,0,41.3,16,31,999.0,none,nudge_sms,0.6946354172716498,1
evt_000527_8729b01d,insufficient_funds,1,0.9,22,11,499.0,none,escalate_human,0.6147390167936514,0
evt_000528_aa8d0025,insufficient_funds,0,20.3,6,22,499.0,none,retry_now,0.42663977234987527,0
evt_000529_0a5e23a9,expired_card,1,9.4,21,34,999.0,none,escalate_human,0.7755566014155721,0
evt_000530_9db44c5b,expired_card,0,1.8,9,10,499.0,recovered,retry_later,0.13168940633961995,0
evt_000531_ff023229,insufficient_funds,0,13.2,1,8,999.0,none,nudge_whatsapp,0.8652969480479719,1
evt_000532_c584ab3c,issuer_unavailable,0,12.5,20,13,199.0,recovered,retry_now,0.7969168427401835,1
evt_000533_524750a1,issuer_unavailable,2,6.9,19,3,499.0,none,retry_now,0.6142262544422655,0
evt_000534_faf58d27,insufficient_funds,0,30.5,8,12,999.0,none,retry_now,0.3488179163726096,1
evt_000535_b964a09a,insufficient_funds,1,26.3,20,5,499.0,none,nudge_sms,0.35842206689455663,0
evt_000536_053b0c89,do_not_honor,0,14.6,21,2,199.0,churned,voice_call,0.025831238524664044,0
evt_000537_7e542614,insufficient_funds,4,7.6,4,4,199.0,none,escalate_human,0.4243432746615431,0
evt_000538_792bc2fd,insufficient_funds,1,13.6,21,14,199.0,recovered,voice_call,0.5249048468597648,1
evt_000539_fd7a2ed5,insufficient_funds,2,0.3,18,13,199.0,none,voice_call,0.4220513327403809,0
evt_000540_80514656,do_not_honor,0,15.3,10,23,199.0,recovered,stop,0.0,0
evt_000541_143de0a9,issuer_unavailable,0,14.6,21,14,2499.0,none,escalate_human,0.8569220552326141,1
evt_000542_1245af28,do_not_honor,1,1.8,16,19,999.0,none,nudge_sms,0.024185953768396405,1
evt_000543_361a5d5b,insufficient_funds,0,5.8,1,32,1499.0,churned,nudge_sms,0.8947306104774903,1
evt_000544_5d86f320,insufficient_funds,2,12.6,22,4,2499.0,recovered,nudge_whatsapp,0.3344822617073948,1
evt_000545_4dbbb001,issuer_unavailable,0,2.2,19,14,499.0,none,retry_now,0.7998108042135373,1
evt_000546_a5d11e87,issuer_unavailable,2,2.0,30,16,999.0,none,nudge_whatsapp,0.5547792351072148,1
evt_000547_31f4e718,insufficient_funds,0,6.1,17,14,199.0,none,retry_later,0.5012337686460054,0
evt_000548_2bf5dc15,insufficient_funds,0,0.0,6,16,199.0,none,nudge_whatsapp,0.6174795052961776,0
evt_000549_feab6fed,insufficient_funds,0,5.1,7,18,199.0,none,escalate_human,0.7406729957358064,1
evt_000550_caa1ac5b,do_not_honor,0,21.6,27,2,999.0,churned,nudge_sms,0.024602428402739435,0
evt_000551_746bc2a5,issuer_unavailable,0,11.0,30,45,499.0,none,nudge_sms,0.753988716448948,1
evt_000552_fe1db445,insufficient_funds,1,2.9,2,4,199.0,none,escalate_human,0.7743683451714539,0
evt_000553_dfe81b38,insufficient_funds,2,4.0,25,11,499.0,none,stop,0.0,0
evt_000554_6bd27451,expired_card,0,4.8,27,12,1499.0,none,nudge_sms,0.5777578540528835,1
evt_000555_ab286a6f,issuer_unavailable,1,4.9,15,7,499.0,none,stop,0.0,0
evt_000556_421eade7,insufficient_funds,0,0.3,5,15,999.0,none,retry_later,0.6226554364152642,0
evt_000557_9ca5203a,issuer_unavailable,0,14.3,14,11,199.0,none,voice_call,0.7896180643568237,1
evt_000558_bf05ac66,issuer_unavailable,0,18.8,9,22,499.0,none,escalate_human,0.8758709149639774,1
evt_000559_68f7b511,do_not_honor,0,21.9,28,12,999.0,none,stop,0.0,0
evt_000560_58e38f21,issuer_unavailable,0,5.5,5,30,499.0,none,retry_later,0.8959226238163662,1
evt_000561_09539aa5,issuer_unavailable,2,1.8,29,19,499.0,none,retry_later,0.7897312564479078,0
evt_000562_3651ad5e,insufficient_funds,4,3.2,17,22,499.0,none,nudge_whatsapp,0.24322760033744292,0
evt_000563_ec05dac6,insufficient_funds,0,5.1,3,1,999.0,none,nudge_whatsapp,0.6890094640517656,1
evt_000564_a5e355de,insufficient_funds,0,2.0,1,29,199.0,none,escalate_human,0.9227277978633401,1
evt_000565_a7ce4845,stolen_card,3,22.9,13,13,499.0,recovered,stop,0.0,0
evt_000566_59ac9f3d,expired_card,0,0.6,5,2,2499.0,none,retry_later,0.11844062539864544,0
evt_000567_2e73cc96,issuer_unavailable,2,3.5,18,6,199.0,none,nudge_whatsapp,0.45602965995775663,1
evt_000568_f7b887a3,insufficient_funds,1,17.7,23,61,499.0,none,stop,0.0,0
evt_000569_81f934ed,stolen_card,0,0.7,7,3,499.0,none,retry_later,0.015217121208656299,0
evt_000570_730d9c65,expired_card,1,9.1,9,8,199.0,none,escalate_human,0.6734645169897951,0
evt_000571_c96ccadf,issuer_unavailable,0,18.7,19,5,999.0,none,escalate_human,0.8327316881958777,1
evt_000572_d18a61f2,insufficient_funds,2,11.1,4,10,499.0,none,retry_now,0.2719069819575452,0
evt_000573_4d2c9784,expired_card,0,7.0,2,24,999.0,none,retry_later,0.18592733013183643,0
evt_000574_212c047b,issuer_unavailable,1,1.2,30,3,499.0,recovered,retry_later,0.8037659436342208,1
evt_000575_457d0dbc,expired_card,0,27.1,13,17,499.0,none,retry_later,0.147249714528286,0
evt_000576_856dd6fa,issuer_unavailable,1,3.2,22,4,999.0,none,stop,0.0,0
evt_000577_5d0c3a1d,insufficient_funds,1,13.4,12,15,999.0,none,nudge_sms,0.400968074106145,1
evt_000578_d7c20e60,stolen_card,0,14.4,13,10,499.0,none,retry_later,0.015217121208656299,0
evt_000579_7b1ccb45,issuer_unavailable,2,13.0,23,10,199.0,recovered,nudge_whatsapp,0.479859502056538,1
evt_000580_fd5ae5d7,do_not_honor,0,23.9,18,3,199.0,none,retry_now,0.02389268941058276,0
evt_000581_632c2edb,insufficient_funds,2,8.9,4,26,499.0,none,voice_call,0.6070744345983992,1
evt_000582_ba78c2ec,do_not_honor,0,15.1,9,7,499.0,recovered,nudge_sms,0.024602428402739435,0
evt_000583_4964a608,issuer_unavailable,2,2.7,16,6,499.0,recovered,voice_call,0.6275874345327637,0
evt_000584_8709f247,do_not_honor,0,9.6,6,37,499.0,recovered,retry_now,0.02389268941058276,0
evt_000585_985dc7be,expired_card,1,16.1,9,8,2499.0,none,escalate_human,0.6734645169897951,1
evt_000586_6eb5f921,insufficient_funds,0,3.6,27,1,199.0,none,nudge_whatsapp,0.6269071057853808,1
evt_000587_3e62e914,insufficient_funds,0,1.6,19,17,499.0,none,retry_now,0.3488236839162735,0
evt_000588_b02852c4,issuer_unavailable,0,6.4,28,15,999.0,churned,retry_now,0.8179743583195191,1
evt_000589_e9214756,insufficient_funds,0,10.6,7,3,199.0,churned,nudge_sms,0.47929610472727296,0
evt_000590_74388e9c,do_not_honor,1,3.4,1,32,199.0,none,stop,0.0,0
evt_000591_789d3acd,insufficient_funds,1,11.3,17,31,199.0,none,voice_call,0.595891023923827,1
evt_000592_a7600ba6,expired_card,1,6.4,24,1,499.0,none,stop,0.0,0
evt_000593_b9ea1fb5,insufficient_funds,0,28.8,25,23,499.0,churned,nudge_whatsapp,0.6499600583623816,0
evt_000594_88f93ccb,issuer_unavailable,1,9.1,28,11,499.0,none,nudge_whatsapp,0.5921072287445924,1
evt_000595_06894124,do_not_honor,0,12.2,10,3,1499.0,none,voice_call,0.025831238524664044,0
evt_000596_f39d38ef,insufficient_funds,0,11.7,24,5,199.0,churned,voice_call,0.5961549607909117,0
evt_000597_3aca7ed8,insufficient_funds,4,8.0,28,34,199.0,recovered,nudge_sms,0.4639358685403462,0
evt_000598_0e68a796,issuer_unavailable,1,1.3,18,4,199.0,none,nudge_whatsapp,0.5333661206052249,0
evt_000599_2519181b,issuer_unavailable,1,4.9,12,14,499.0,none,retry_later,0.8076966228062465,1
evt_000600_f13aa995,stolen_card,0,11.9,16,2,499.0,recovered,escalate_human,0.016463644763656287,0
evt_000601_2ca98d10,insufficient_funds,0,24.9,3,9,499.0,churned,nudge_sms,0.6803743134671606,1
evt_000602_d1471045,expired_card,0,1.0,13,19,499.0,recovered,stop,0.0,0
evt_000603_dca091d7,issuer_unavailable,0,0.5,28,6,499.0,none,voice_call,0.7896278118711401,1
evt_000604_93547efd,do_not_honor,0,5.9,16,15,1499.0,none,retry_now,0.02389268941058276,0
evt_000605_ed28008b,expired_card,0,6.2,22,8,499.0,none,voice_call,0.6623751434713591,1
evt_000606_95424e14,insufficient_funds,0,3.4,2,26,499.0,none,voice_call,0.8352282468197791,1
evt_000607_38316c8c,do_not_honor,1,0.1,8,4,999.0,none,retry_now,0.023487940058211195,0
evt_000608_8f96a36c,stolen_card,0,14.8,10,10,499.0,recovered,escalate_human,0.016463644763656287,0
evt_000609_46dc9489,insufficient_funds,0,0.7,4,1,499.0,none,retry_now,0.385807754532805,0
evt_000610_13fe2fac,stolen_card,3,0.4,10,14,499.0,recovered,nudge_whatsapp,0.014593183952298106,0
evt_000611_5dca90c6,insufficient_funds,0,37.3,26,19,199.0,none,voice_call,0.7003648809905125,1
evt_000612_3f2c8165,insufficient_funds,1,14.3,6,19,499.0,none,retry_later,0.5222013034297558,1
evt_000613_ac842174,do_not_honor,0,4.5,14,19,499.0,none,stop,0.0,0
evt_000614_be4f7454,expired_card,2,24.0,4,20,499.0,recovered,retry_later,0.08895804371375256,0
evt_000615_8af9cf30,insufficient_funds,0,23.9,12,1,199.0,churned,retry_later,0.4423985994202409,0
evt_000616_be715592,issuer_unavailable,0,14.7,3,32,499.0,none,retry_later,0.9040175510535214,1
evt_000617_600772c7,insufficient_funds,0,1.6,11,2,199.0,none,nudge_whatsapp,0.47696147196949884,0
evt_000618_ef7dd762,insufficient_funds,0,0.6,5,13,1499.0,none,nudge_sms,0.5892424430638046,0
evt_000619_67afd4df,issuer_unavailable,0,2.5,22,3,199.0,none,nudge_whatsapp,0.6163056350558745,1
evt_000620_e704e0b0,issuer_unavailable,1,24.3,9,4,199.0,recovered,retry_now,0.6992852687745424,1
evt_000621_7ab3b630,insufficient_funds,2,25.1,19,11,499.0,none,stop,0.0,0
evt_000622_850d9618,expired_card,1,0.9,7,59,499.0,none,escalate_human,0.7853409596747574,0
evt_000623_53f00106,do_not_honor,0,8.0,21,55,1499.0,none,stop,0.0,0
evt_000624_fc1d4227,issuer_unavailable,1,11.4,24,33,2499.0,none,stop,0.0,0
evt_000625_fc751189,insufficient_funds,0,0.6,6,11,499.0,none,escalate_human,0.7279855172785294,1
evt_000626_a235e69b,do_not_honor,1,35.0,14,26,2499.0,none,nudge_sms,0.024185953768396405,0
evt_000627_43258374,issuer_unavailable,1,32.9,17,1,499.0,churned,nudge_sms,0.4681991707428975,0
evt_000628_f64c9dd7,insufficient_funds,0,6.4,6,1,499.0,none,retry_now,0.32836832745342703,0
evt_000629_65641e76,do_not_honor,0,8.0,16,22,1499.0,none,retry_now,0.02389268941058276,0
evt_000630_88862076,issuer_unavailable,3,30.9,5,11,999.0,recovered,retry_later,0.6732055722444481,1
evt_000631_3f2b690b,insufficient_funds,2,9.0,23,22,499.0,none,voice_call,0.49394048543407265,0
evt_000632_9d445856,issuer_unavailable,0,1.6,27,54,999.0,none,escalate_human,0.9083435974892329,0
evt_000633_342afd5c,expired_card,1,9.1,25,37,499.0,none,stop,0.0,0
evt_000634_a6d0ead4,do_not_honor,1,2.2,12,3,1499.0,recovered,nudge_sms,0.024185953768396405,0
evt_000635_f3ab4a95,expired_card,2,12.5,19,26,499.0,none,retry_later,0.0932242163173017,0
evt_000636_4c2917cc,expired_card,0,12.3,8,8,999.0,recovered,stop,0.0,0
evt_000637_305ebfa9,insufficient_funds,2,1.0,7,16,1499.0,none,retry_later,0.3958318718855867,0
evt_000638_d366f7a7,issuer_unavailable,0,13.0,31,12,499.0,none,retry_now,0.8234647252208833,1
evt_000639_0a7433a2,insufficient_funds,0,4.7,4,18,499.0,none,nudge_whatsapp,0.7024456090192245,1
evt_000640_80a05c92,insufficient_funds,2,5.8,26,4,999.0,none,nudge_sms,0.37304740299157124,1
evt_000641_0801c932,insufficient_funds,0,4.9,31,16,199.0,churned,nudge_whatsapp,0.8828810091242195,1
evt_000642_ec79e157,do_not_honor,3,13.4,30,2,499.0,none,nudge_sms,0.023373531597967217,0
evt_000643_6d4b6806,insufficient_funds,2,1.9,2,7,199.0,recovered,stop,0.0,0
evt_000644_28ed7868,expired_card,3,3.6,26,11,499.0,none,voice_call,0.4311206056766174,0
evt_000645_7212d7f1,issuer_unavailable,1,5.3,30,22,199.0,none,stop,0.0,0
evt_000646_6ee27c0b,insufficient_funds,1,5.4,6,2,999.0,none,nudge_sms,0.4131068852004291,1
evt_000647_cf4d086c,insufficient_funds,1,7.5,12,2,1499.0,none,voice_call,0.45655635898019403,1
evt_000648_0e93f744,insufficient_funds,0,21.6,4,27,199.0,none,stop,0.0,0
evt_000649_5dbc6c77,do_not_honor,3,28.2,26,43,999.0,none,retry_later,0.02360289498942739,0
evt_000650_e2b2ead2,insufficient_funds,2,5.4,8,15,499.0,none,nudge_whatsapp,0.3975334027217361,0
evt_000651_41412f84,issuer_unavailable,0,5.8,11,2,199.0,none,stop,0.0,0
evt_000652_df1b92fd,issuer_unavailable,0,5.7,25,6,499.0,none,retry_later,0.8399391133329456,1
evt_000653_fb2a26dc,insufficient_funds,0,8.7,20,8,499.0,none,nudge_whatsapp,0.5069447002082719,1
evt_000654_da459cb4,insufficient_funds,0,32.1,29,34,499.0,recovered,escalate_human,0.8987255762955239,1
evt_000655_84d102b7,do_not_honor,2,0.2,15,1,2499.0,none,nudge_sms,0.023776357441429207,0
evt_000656_6f4ed08a,issuer_unavailable,0,5.2,19,26,499.0,none,stop,0.0,0
evt_000657_10792cc4,insufficient_funds,0,4.8,9,5,499.0,none,stop,0.0,0
evt_000658_4b0a3e08,stolen_card,0,1.0,5,4,1499.0,none,voice_call,0.015828313967089842,0
evt_000659_a98a72c4,insufficient_funds,2,5.6,26,8,1499.0,none,retry_now,0.2366807797463952,0
evt_000660_1b7c3e64,expired_card,2,22.6,31,11,499.0,none,stop,0.0,0
evt_000661_b78a9938,expired_card,3,9.8,3,15,499.0,none,nudge_sms,0.3435944952698965,1
evt_000662_46caba1f,insufficient_funds,1,6.6,19,85,499.0,none,stop,0.0,0
evt_000663_881aa2bb,insufficient_funds,2,26.4,17,5,199.0,none,nudge_whatsapp,0.31538448316301165,0
evt_000664_4b453e2c,insufficient_funds,1,7.0,22,13,499.0,none,retry_later,0.4358599788785988,1
evt_000665_70c17c21,issuer_unavailable,0,4.4,9,7,499.0,none,nudge_sms,0.5875621961266034,0
evt_000666_579bb226,expired_card,0,10.9,23,7,199.0,none,retry_later,0.1255813393891463,0
evt_000667_12358b95,expired_card,0,19.7,16,7,499.0,recovered,retry_now,0.08642256827035848,0
evt_000668_0d6d6af1,issuer_unavailable,0,6.3,12,4,499.0,none,stop,0.0,0
evt_000669_e22544e5,insufficient_funds,1,6.0,12,3,1499.0,recovered,nudge_sms,0.34492266002382505,0
evt_000670_c86d6d72,insufficient_funds,0,8.6,24,6,199.0,none,stop,0.0,0
evt_000671_41d40f7e,do_not_honor,1,8.1,31,27,499.0,none,voice_call,0.02539450392504494,0
evt_000672_9fa20e8a,insufficient_funds,1,22.3,29,2,1499.0,none,stop,0.0,0
evt_000673_2c5df67e,issuer_unavailable,0,0.8,24,2,999.0,recovered,retry_now,0.7626144633345767,1
evt_000674_15d4880c,issuer_unavailable,2,17.0,4,7,199.0,churned,voice_call,0.648756078363592,1
evt_000675_daa58f61,do_not_honor,0,1.2,30,1,499.0,churned,escalate_human,0.026857118784809644,0
evt_000676_c6ceee63,issuer_unavailable,2,18.7,2,44,999.0,none,nudge_sms,0.5898405506077159,0
evt_000677_32c3a893,stolen_card,0,0.7,23,4,199.0,recovered,escalate_human,0.016463644763656287,0
evt_000678_c64e6455,expired_card,0,33.5,28,1,499.0,recovered,retry_now,0.08491885614574199,0
evt_000679_ae4a63b0,insufficient_funds,3,8.2,30,33,499.0,recovered,voice_call,0.7521291114395701,1
evt_000680_dd481a02,do_not_honor,1,2.6,25,4,2499.0,churned,retry_now,0.023487940058211195,0
evt_000681_f7a8661f,insufficient_funds,2,16.5,7,26,199.0,none,retry_now,0.27080728627104445,0
evt_000682_0487ad45,insufficient_funds,3,24.0,2,23,499.0,none,stop,0.0,0
evt_000683_5bc0948e,issuer_unavailable,0,62.2,26,8,199.0,none,escalate_human,0.8471886738953318,1
evt_000684_5d5e0e4f,expired_card,1,7.8,2,2,2499.0,churned,retry_later,0.09391919227716565,0
evt_000685_770a3a82,insufficient_funds,1,3.2,31,10,499.0,recovered,escalate_human,0.8519528019683106,1
evt_000686_56bdc7f5,insufficient_funds,2,24.7,5,2,1499.0,none,nudge_whatsapp,0.41116160497120136,0
evt_000687_6569df81,issuer_unavailable,2,18.4,20,19,999.0,recovered,nudge_whatsapp,0.5217699274442419,1
evt_000688_566b1815,issuer_unavailable,0,32.8,24,23,499.0,recovered,retry_later,0.8794325005978851,1
evt_000689_4cdd0f5e,insufficient_funds,0,19.8,10,8,199.0,none,escalate_human,0.6747398522403376,1
evt_000690_793e67a6,insufficient_funds,1,35.5,22,8,499.0,none,nudge_sms,0.38746479086755925,0
evt_000691_a742e1c2,insufficient_funds,2,16.3,28,1,499.0,none,nudge_whatsapp,0.5238550068303786,1
evt_000692_a4ad94ae,issuer_unavailable,2,49.8,18,8,199.0,recovered,voice_call,0.6372996929758274,0
evt_000693_feaf3ca7,insufficient_funds,0,1.2,20,1,499.0,none,escalate_human,0.6387501588921778,1
evt_000694_785e7dff,insufficient_funds,1,7.5,19,12,499.0,recovered,nudge_whatsapp,0.43501145638168004,0
evt_000695_b72de431,insufficient_funds,1,13.6,18,7,199.0,none,retry_now,0.23426950225163007,0
evt_000696_709130ac,expired_card,0,1.2,6,1,999.0,churned,nudge_sms,0.5144397637470164,1
evt_000697_7e147856,insufficient_funds,0,16.9,30,22,499.0,none,retry_now,0.6984652160025387,0
evt_000698_87869f22,expired_card,0,21.2,1,8,199.0,recovered,nudge_whatsapp,0.6364525402815664,1
evt_000699_06fe0ed6,expired_card,0,9.1,18,3,499.0,none,voice_call,0.6372996929758274,0
evt_000700_9137baf8,issuer_unavailable,0,3.5,4,4,999.0,recovered,escalate_human,0.8393737564556508,1
evt_000701_de69c998,issuer_unavailable,0,17.3,26,6,199.0,recovered,nudge_sms,0.5921159242228357,0
evt_000702_a4d16070,insufficient_funds,4,11.5,28,7,199.0,none,retry_later,0.357896084821219,0
evt_000703_8d7b36f1,insufficient_funds,1,53.4,8,8,199.0,recovered,voice_call,0.5114381928130419,1
evt_000704_78b2235f,insufficient_funds,1,5.3,9,10,499.0,none,nudge_whatsapp,0.4457194019757566,0
evt_000705_753ceec8,insufficient_funds,1,6.9,3,12,499.0,none,retry_now,0.4034245997357466,0
evt_000706_fbcc93b4,insufficient_funds,1,1.6,16,9,499.0,none,voice_call,0.48579507043953096,0
evt_000707_cc9971d6,insufficient_funds,1,10.3,22,11,199.0,none,escalate_human,0.6147390167936514,1
evt_000708_228dd47e,do_not_honor,0,10.2,17,9,199.0,none,nudge_whatsapp,0.025086962153479813,0
evt_000709_f3357564,insufficient_funds,1,16.1,15,13,499.0,none,stop,0.0,0
evt_000710_efb292e5,do_not_honor,2,8.1,26,3,499.0,none,nudge_whatsapp,0.024245026490228132,0
evt_000711_0f9af721,expired_card,2,18.0,3,5,999.0,none,stop,0.0,0
evt_000712_2ba96ce8,insufficient_funds,0,2.9,20,23,999.0,churned,nudge_whatsapp,0.5812192617715944,0
evt_000713_fa9e3025,insufficient_funds,2,2.6,4,1,199.0,churned,stop,0.0,0
evt_000714_34ba090d,insufficient_funds,0,4.9,6,1,2499.0,recovered,nudge_whatsapp,0.5445970781285305,1
evt_000715_e98efa80,insufficient_funds,0,5.3,25,7,2499.0,none,retry_now,0.35535690864301833,0
evt_000716_d3c0462d,insufficient_funds,0,12.6,13,13,499.0,recovered,escalate_human,0.6868947956562328,1
evt_000717_39a97ac2,insufficient_funds,0,1.3,8,18,499.0,none,escalate_human,0.7302242765159842,1
evt_000718_eca37f46,insufficient_funds,2,13.5,13,3,499.0,none,nudge_sms,0.26792021242036945,0
evt_000719_eb286a7d,insufficient_funds,0,7.2,4,13,499.0,none,nudge_whatsapp,0.6811302716563297,0
evt_000720_117f586f,insufficient_funds,1,1.6,6,6,999.0,none,retry_now,0.27576354516657714,0
evt_000721_3dd37f77,expired_card,0,0.4,2,48,2499.0,none,voice_call,0.7962965265056833,1
evt_000722_0e0cc86e,issuer_unavailable,0,10.5,17,5,999.0,recovered,escalate_human,0.8323849099289081,0
evt_000723_6dfc2c23,stolen_card,0,5.3,30,1,499.0,none,voice_call,0.015828313967089842,0
evt_000724_8ef45c79,expired_card,0,3.5,13,20,199.0,none,nudge_whatsapp,0.6464939242779624,0
evt_000725_5d484be1,insufficient_funds,0,7.9,16,1,499.0,none,retry_later,0.4348393852238286,0
evt_000726_55439954,expired_card,0,14.8,20,8,2499.0,none,stop,0.0,0
evt_000727_2ee4ec8c,insufficient_funds,0,0.3,25,9,499.0,none,retry_now,0.3645721317586342,1
evt_000728_bb4e466d,do_not_honor,1,28.2,11,36,499.0,none,escalate_human,0.026403509502070335,0
evt_000729_6c2a1422,issuer_unavailable,0,0.0,10,42,499.0,none,stop,0.0,0
evt_000730_32792aaf,do_not_honor,1,18.3,18,4,499.0,none,voice_call,0.02539450392504494,0
evt_000731_fb219122,insufficient_funds,0,2.6,7,9,499.0,none,stop,0.0,0
evt_000732_fe3b5224,insufficient_funds,1,35.5,14,26,199.0,recovered,retry_now,0.30754394717027067,0
evt_000733_b82e7070,issuer_unavailable,1,2.4,7,8,499.0,none,retry_now,0.7185068360001459,1
evt_000734_7927b5df,insufficient_funds,0,3.6,25,13,199.0,none,escalate_human,0.7358338032037037,1
evt_000735_ad671cea,insufficient_funds,0,40.4,17,9,499.0,none,retry_now,0.3096776424925947,0
evt_000736_46ac8673,issuer_unavailable,1,5.9,5,9,499.0,none,retry_later,0.799427397145212,1
evt_000737_90a7149b,issuer_unavailable,0,7.2,5,7,499.0,churned,nudge_sms,0.5969371743674009,1
evt_000738_f688b211,insufficient_funds,0,2.3,26,7,999.0,recovered,nudge_whatsapp,0.6084578722884607,0
evt_000739_90dfccb5,insufficient_funds,0,14.0,5,4,1499.0,churned,retry_later,0.5697508161485747,0
evt_000740_3d123d7c,do_not_honor,0,21.3,12,15,1499.0,churned,stop,0.0,0
evt_000741_a6a075c5,insufficient_funds,0,1.9,3,5,199.0,recovered,stop,0.0,0
evt_000742_b86d8014,do_not_honor,0,8.9,15,1,199.0,none,retry_now,0.02389268941058276,0
evt_000743_38a68bc3,insufficient_funds,0,7.2,21,26,999.0,none,retry_later,0.5780065552928043,0
evt_000744_b23aef2e,insufficient_funds,0,8.7,9,21,499.0,churned,retry_later,0.5626732741239143,0
evt_000745_55a22b62,expired_card,3,32.4,30,4,999.0,recovered,stop,0.0,0
evt_000746_ef4ad7fc,insufficient_funds,3,4.9,20,6,499.0,none,nudge_sms,0.22059206930345307,0
evt_000747_b8f7a61d,expired_card,2,5.3,2,5,999.0,churned,voice_call,0.5108248738050346,1
evt_000748_2390ef4c,issuer_unavailable,1,10.6,22,3,499.0,recovered,retry_later,0.7727485674422501,1
evt_000749_1c22922c,insufficient_funds,2,24.5,9,3,499.0,churned,nudge_sms,0.2874130740434979,0
evt_000750_771af7fd,expired_card,0,16.9,15,7,199.0,recovered,nudge_whatsapp,0.5846472980301016,0
evt_000751_df7ef436,do_not_honor,0,12.9,28,13,999.0,none,voice_call,0.025831238524664044,0
evt_000752_e9683351,do_not_honor,2,6.1,24,12,499.0,none,nudge_sms,0.023776357441429207,0
evt_000753_f1590534,issuer_unavailable,0,2.2,29,2,1499.0,none,nudge_whatsapp,0.6418278218490907,1
evt_000754_3c121c87,issuer_unavailable,1,9.6,7,2,2499.0,recovered,escalate_human,0.7715469940624188,1
evt_000755_48c7cc6e,insufficient_funds,2,3.0,26,19,1499.0,none,nudge_whatsapp,0.4952087872606978,1
evt_000756_9c90b8b8,do_not_honor,0,6.1,6,13,199.0,none,nudge_whatsapp,0.025086962153479813,0
evt_000757_a042e7db,insufficient_funds,1,49.9,15,7,499.0,recovered,escalate_human,0.5752160414344878,1
evt_000758_508f5499,insufficient_funds,1,1.2,7,29,2499.0,none,nudge_whatsapp,0.571295088446949,1
evt_000759_a62b38c4,insufficient_funds,2,5.8,16,6,199.0,none,stop,0.0,0
evt_000760_518eb1ac,do_not_honor,1,3.0,7,17,999.0,recovered,retry_later,0.024423090054107196,0
evt_000761_1484870c,insufficient_funds,0,6.3,29,19,499.0,none,retry_now,0.5946311333259509,0
evt_000762_85525fff,insufficient_funds,1,7.0,19,21,499.0,none,voice_call,0.5512657476255173,0
evt_000763_e92fc927,do_not_honor,0,1.9,8,18,999.0,recovered,voice_call,0.025831238524664044,0
evt_000764_0e00b9b9,issuer_unavailable,0,12.0,9,13,499.0,recovered,escalate_human,0.8549415935126964,1
evt_000765_82ac0958,insufficient_funds,1,18.9,22,7,1499.0,none,retry_later,0.4066138406524291,1
evt_000766_9e4d02fc,do_not_honor,0,22.0,30,5,199.0,recovered,retry_later,0.024843544141003683,0
evt_000767_6c72e7ea,insufficient_funds,2,3.5,31,10,2499.0,recovered,stop,0.0,0
evt_000768_e8ad5ef3,expired_card,0,24.8,8,5,999.0,recovered,voice_call,0.6500808003197038,0
evt_000769_2914364d,insufficient_funds,0,5.1,6,12,1499.0,none,nudge_sms,0.5495527148158597,0
evt_000770_887b307f,expired_card,0,32.5,28,1,499.0,none,escalate_human,0.735494968211047,1
evt_000771_c950dec1,insufficient_funds,2,5.9,1,5,999.0,none,nudge_whatsapp,0.7502601055951177,1
evt_000772_10a62a3c,insufficient_funds,0,10.5,31,8,2499.0,none,retry_later,0.8532096601986177,1
evt_000773_06c1e0da,insufficient_funds,0,0.5,16,4,199.0,none,nudge_whatsapp,0.4744888643308392,0
evt_000774_ed244114,do_not_honor,0,12.9,24,8,499.0,recovered,stop,0.0,0
evt_000775_09187d1a,issuer_unavailable,1,1.7,10,4,999.0,none,stop,0.0,0
evt_000776_cd8e067b,insufficient_funds,2,3.6,5,18,199.0,none,nudge_whatsapp,0.4902098920192299,0
evt_000777_5a4ccd49,stolen_card,0,4.1,23,3,499.0,recovered,voice_call,0.015828313967089842,0
evt_000778_081aa393,issuer_unavailable,1,12.1,17,24,499.0,recovered,nudge_sms,0.5823978805266294,0
evt_000779_f80aa604,do_not_honor,1,26.7,8,20,499.0,none,retry_later,0.024423090054107196,0
evt_000780_d9acbdf6,issuer_unavailable,0,17.3,27,18,999.0,churned,escalate_human,0.8736446886185403,1
evt_000781_595d7a4d,insufficient_funds,0,8.6,18,2,499.0,none,retry_now,0.2820413864307672,1
evt_000782_141bf25b,do_not_honor,0,3.6,4,1,999.0,none,nudge_sms,0.024602428402739435,0
evt_000783_826e8025,stolen_card,0,11.7,6,9,499.0,recovered,escalate_human,0.016463644763656287,0
evt_000784_3fb58b2c,insufficient_funds,0,2.1,1,21,199.0,none,voice_call,0.8721384336809186,1
evt_000785_ad608f70,do_not_honor,1,18.8,14,6,999.0,recovered,retry_later,0.024423090054107196,0
evt_000786_a6c12a23,do_not_honor,0,9.2,1,7,199.0,none,nudge_sms,0.024602428402739435,0
evt_000787_069485b9,insufficient_funds,1,38.6,20,11,499.0,none,voice_call,0.5049857324177037,0
evt_000788_c902a546,expired_card,0,6.0,30,40,199.0,recovered,stop,0.0,0
evt_000789_414cb5ea,expired_card,2,7.3,3,5,499.0,none,retry_later,0.06931132073645711,0
evt_000790_7b1c18bf,expired_card,0,7.5,14,39,199.0,none,voice_call,0.7725251260480916,0
evt_000791_a9189f78,issuer_unavailable,2,3.9,10,32,1499.0,none,nudge_sms,0.5374192584084277,1
evt_000792_96c4149f,insufficient_funds,2,32.3,14,17,499.0,none,nudge_whatsapp,0.36933635367059564,1
evt_000793_1f8773bf,issuer_unavailable,0,23.2,15,2,499.0,none,stop,0.0,0
evt_000794_6fe91914,issuer_unavailable,1,3.9,6,7,1499.0,none,retry_now,0.7166236877703434,1
evt_000795_a15d8762,do_not_honor,1,14.4,17,9,499.0,none,voice_call,0.02539450392504494,0
evt_000796_1216dead,insufficient_funds,0,0.3,5,3,999.0,none,voice_call,0.6292582446728278,1
evt_000797_ce60fe38,do_not_honor,2,0.4,19,1,499.0,recovered,stop,0.0,0
evt_000798_64c842b2,issuer_unavailable,0,0.5,11,1,199.0,none,nudge_sms,0.5565408289511881,1
evt_000799_9c6345be,issuer_unavailable,1,0.4,14,35,1499.0,none,retry_later,0.8644349837714524,1
evt_000800_5c964d91,do_not_honor,0,9.3,25,2,499.0,churned,stop,0.0,0
evt_000801_ad8a11d2,insufficient_funds,1,7.8,12,19,499.0,none,nudge_whatsapp,0.4696789785873308,1
evt_000802_e4a84833,stolen_card,1,6.1,15,8,499.0,none,nudge_whatsapp,0.01510513718986263,0
evt_000803_b9106834,insufficient_funds,1,0.8,18,9,499.0,recovered,voice_call,0.48891229160439637,1
evt_000804_3dc1a56d,insufficient_funds,0,14.4,27,10,499.0,none,nudge_whatsapp,0.6679595764504241,1
evt_000805_c5cf35bf,issuer_unavailable,0,20.9,10,9,499.0,recovered,voice_call,0.7841399809126849,1
evt_000806_c3456e2c,stolen_card,0,18.3,17,2,499.0,none,retry_now,0.014629178170484324,0
evt_000807_1b17119f,insufficient_funds,1,5.6,4,28,499.0,none,retry_now,0.4316876752360052,1
evt_000808_5f178f23,insufficient_funds,2,11.5,18,11,499.0,none,retry_now,0.18933175531722762,1
evt_000809_41e98c02,insufficient_funds,0,2.1,8,17,1499.0,recovered,voice_call,0.6400913738937907,0
evt_000810_1869e5c7,insufficient_funds,1,0.6,23,6,499.0,none,nudge_sms,0.3903709394024946,1
evt_000811_f418a47a,insufficient_funds,1,7.2,11,25,199.0,none,retry_now,0.3100134525024922,0
evt_000812_386bcabf,insufficient_funds,3,1.6,4,1,499.0,none,retry_later,0.34727723780453157,0
evt_000813_8481e608,issuer_unavailable,1,6.6,12,5,499.0,none,nudge_whatsapp,0.538700513783104,1
evt_000814_f12647dc,insufficient_funds,1,0.6,1,1,999.0,none,retry_now,0.5174928576663897,0
evt_000815_cd4467d4,stolen_card,0,3.9,25,12,499.0,none,voice_call,0.015828313967089842,0
evt_000816_c1f88fc2,insufficient_funds,0,14.2,7,1,499.0,churned,nudge_sms,0.46932283992882873,0
evt_000817_5c2c7116,expired_card,0,5.6,21,11,999.0,churned,escalate_human,0.7558310398534809,1
evt_000818_6fbd536b,issuer_unavailable,1,16.8,24,14,1499.0,none,retry_now,0.7421296571806878,1
evt_000819_a74a8ddc,issuer_unavailable,2,37.7,19,10,499.0,none,nudge_sms,0.42680770211531077,0
evt_000820_8421988f,insufficient_funds,4,5.6,29,11,499.0,none,voice_call,0.480795411021386,1
evt_000821_a4da6d8f,do_not_honor,1,1.0,28,5,499.0,none,retry_later,0.024423090054107196,0
evt_000822_f6031607,expired_card,1,16.0,12,20,1499.0,none,voice_call,0.6353208698487797,1
evt_000823_f7920b2c,issuer_unavailable,1,11.2,9,11,499.0,churned,nudge_sms,0.5209618787178716,1
evt_000824_558b377f,issuer_unavailable,0,1.1,6,29,499.0,none,nudge_whatsapp,0.7345389934199947,1
evt_000825_98fed0a5,expired_card,0,1.2,27,9,199.0,recovered,stop,0.0,0
evt_000826_df08b049,expired_card,1,15.8,7,3,999.0,none,stop,0.0,0
evt_000827_a1131db8,issuer_unavailable,0,0.0,18,2,499.0,churned,retry_now,0.7583515586874283,1
evt_000828_c6152dee,do_not_honor,1,15.6,25,12,999.0,recovered,retry_now,0.023487940058211195,0
evt_000829_e6cd9339,issuer_unavailable,2,16.5,26,2,199.0,none,escalate_human,0.7094510480067081,1
evt_000830_eb0ee897,insufficient_funds,1,1.9,31,21,499.0,none,nudge_whatsapp,0.8544576710630347,1
evt_000831_06e54326,stolen_card,4,4.8,29,3,499.0,none,nudge_whatsapp,0.014343656063488086,0
evt_000832_aa47e771,do_not_honor,0,11.2,19,2,199.0,none,nudge_whatsapp,0.025086962153479813,0
evt_000833_a03bcdf7,expired_card,2,6.9,4,10,199.0,none,voice_call,0.5183856787033495,0
evt_000834_fb594082,insufficient_funds,0,5.6,30,8,2499.0,none,nudge_whatsapp,0.8652969480479719,1
evt_000835_5e802282,insufficient_funds,0,16.0,28,2,499.0,none,retry_now,0.4399867002242399,0
evt_000836_11d97312,insufficient_funds,0,32.3,9,7,1499.0,none,retry_now,0.3180553291055788,0
evt_000837_b53278f2,insufficient_funds,0,4.9,8,5,199.0,churned,escalate_human,0.6760681553875723,1
evt_000838_48cfeb44,do_not_honor,2,11.6,30,4,499.0,recovered,retry_later,0.024009576565228712,0
evt_000839_bee54399,insufficient_funds,0,3.2,23,8,999.0,none,voice_call,0.5976687111871277,1
evt_000840_9e248784,insufficient_funds,0,0.3,15,13,499.0,none,escalate_human,0.6842051460928054,1
evt_000841_0ff30240,insufficient_funds,1,44.2,5,5,2499.0,none,nudge_sms,0.46277763251389936,1
evt_000842_100b13f5,do_not_honor,2,6.7,17,7,199.0,none,escalate_human,0.02595735719779684,0
evt_000843_662f1037,stolen_card,2,1.9,31,12,499.0,recovered,stop,0.0,0
evt_000844_6f531ace,issuer_unavailable,1,6.0,10,7,499.0,none,nudge_whatsapp,0.5498234564685476,1
evt_000845_22cee3d2,expired_card,0,5.4,11,12,199.0,recovered,voice_call,0.6785540659005334,0
evt_000846_25c6187d,expired_card,1,16.9,11,9,999.0,churned,escalate_human,0.676368998126544,0
evt_000847_941c000c,expired_card,2,6.4,14,5,499.0,none,retry_later,0.06312841407492614,0
evt_000848_6cf8c1f5,stolen_card,0,20.6,25,2,499.0,none,retry_later,0.015217121208656299,0
evt_000849_80f5cc12,expired_card,1,17.3,5,3,2499.0,churned,retry_now,0.060809027967076205,0
evt_000850_725127f6,insufficient_funds,1,21.1,9,6,499.0,none,voice_call,0.4918199378530808,0
evt_000851_532e9cfa,expired_card,1,0.6,22,19,999.0,churned,nudge_whatsapp,0.560673702716939,1
evt_000852_67436c9c,expired_card,1,7.7,28,7,199.0,churned,stop,0.0,0
evt_000853_9b43f759,insufficient_funds,1,0.2,28,9,499.0,recovered,retry_later,0.6237492244000405,0
evt_000854_faa7af79,do_not_honor,0,16.5,19,42,499.0,none,retry_later,0.024843544141003683,0
evt_000855_36bf092b,issuer_unavailable,0,9.6,22,1,499.0,none,retry_now,0.7565573023730459,0
evt_000856_f5be3252,insufficient_funds,0,3.7,10,26,999.0,none,nudge_whatsapp,0.6021892631535122,1
evt_000857_a03fa256,do_not_honor,1,13.0,15,2,2499.0,recovered,voice_call,0.02539450392504494,0
evt_000858_d8d4c619,issuer_unavailable,1,53.6,25,12,499.0,none,voice_call,0.7364843292434862,1
evt_000859_0c821534,do_not_honor,1,2.1,24,4,499.0,none,stop,0.0,0
evt_000860_c1c73569,insufficient_funds,0,5.5,18,30,499.0,recovered,voice_call,0.6738481887057005,1
evt_000861_eb19b508,insufficient_funds,1,34.3,3,25,499.0,recovered,nudge_sms,0.6738153601690957,0
evt_000862_0cce6e7a,insufficient_funds,0,19.4,3,12,999.0,none,nudge_sms,0.6932786917064844,1
evt_000863_9303747d,insufficient_funds,0,16.0,25,23,2499.0,none,retry_later,0.626882010230568,1
evt_000864_9e7258d9,issuer_unavailable,0,2.4,29,9,499.0,none,escalate_human,0.860962379523053,1
evt_000865_73d397bd,expired_card,0,4.8,8,17,499.0,none,nudge_sms,0.5888938259189559,1
evt_000866_956c8175,do_not_honor,4,29.3,6,8,199.0,none,nudge_whatsapp,0.023430667673670316,0
evt_000867_6493ea19,expired_card,0,12.4,12,3,499.0,none,nudge_whatsapp,0.5658925921431834,0
evt_000868_6e99ecbf,expired_card,0,11.3,12,2,499.0,none,voice_call,0.6330008671123865,1
evt_000869_e6e402a9,insufficient_funds,2,0.3,12,1,499.0,none,nudge_sms,0.2628063647237019,0
evt_000870_14e5a148,insufficient_funds,3,23.6,2,16,499.0,recovered,retry_later,0.5821022879194766,1
evt_000871_242994bc,expired_card,0,28.4,23,11,199.0,none,stop,0.0,0
evt_000872_f4a11fe8,expired_card,3,10.2,6,13,999.0,none,retry_now,0.03724702168297599,0
evt_000873_d2a27c8f,insufficient_funds,0,33.8,14,8,499.0,none,nudge_sms,0.4464400541638731,1
evt_000874_34b03f8c,insufficient_funds,2,5.3,2,2,199.0,none,stop,0.0,0
evt_000875_42c47e13,insufficient_funds,0,7.0,28,27,499.0,none,escalate_human,0.8530572951868715,0
evt_000876_32b7ca1d,issuer_unavailable,0,6.7,24,15,499.0,none,retry_now,0.8064439178349186,1
evt_000877_f59b3e75,issuer_unavailable,0,63.7,10,1,499.0,none,escalate_human,0.822000083240544,0
evt_000878_721642e9,do_not_honor,0,4.2,7,2,199.0,none,voice_call,0.025831238524664044,0
evt_000879_7f147366,insufficient_funds,4,2.1,10,8,999.0,none,voice_call,0.25534639711424834,0
evt_000880_a3836967,insufficient_funds,0,1.3,5,10,199.0,churned,nudge_sms,0.5746465198459014,0
evt_000881_e14b5995,expired_card,0,0.2,23,17,499.0,none,voice_call,0.7025341102787084,1
evt_000882_895e12bf,insufficient_funds,0,12.4,8,11,499.0,recovered,voice_call,0.6120080288606256,1
evt_000883_ce979fcd,expired_card,0,8.2,23,17,2499.0,none,retry_now,0.1052123624528333,0
evt_000884_027a9c52,expired_card,1,1.6,6,20,499.0,none,nudge_sms,0.5219297022184848,1
evt_000885_63268692,issuer_unavailable,0,6.7,12,13,1499.0,none,stop,0.0,0
evt_000886_2b36b43e,insufficient_funds,2,4.4,24,1,199.0,none,retry_later,0.32676285103506636,1
evt_000887_f272b281,expired_card,0,8.1,21,5,499.0,none,escalate_human,0.7330118149435059,1
evt_000888_13372d59,expired_card,0,12.9,16,26,999.0,churned,voice_call,0.73533877753674,1
evt_000889_d9289617,issuer_unavailable,1,12.8,10,21,999.0,none,retry_now,0.7649401465425425,0
evt_000890_777c132e,insufficient_funds,0,1.5,21,3,499.0,none,nudge_sms,0.43895491232221867,0
evt_000891_3077d1e3,expired_card,2,7.9,28,3,199.0,none,retry_later,0.06677506195097234,0
evt_000892_41e2062a,stolen_card,1,76.0,11,5,499.0,churned,voice_call,0.015558000113418654,0
evt_000893_62307504,stolen_card,1,15.2,15,3,199.0,none,nudge_whatsapp,0.01510513718986263,0
evt_000894_9190dd4c,insufficient_funds,0,2.8,21,6,499.0,none,voice_call,0.5719231505010527,0
evt_000895_daaf8528,do_not_honor,0,1.2,2,14,1499.0,none,nudge_whatsapp,0.025086962153479813,0
evt_000896_21fcd79c,stolen_card,1,20.4,29,2,499.0,none,stop,0.0,0
evt_000897_fb2edc13,do_not_honor,0,0.1,26,3,999.0,none,nudge_sms,0.024602428402739435,0
evt_000898_68ed419e,insufficient_funds,0,25.5,18,3,1499.0,recovered,retry_now,0.28610886253359585,0
evt_000899_cfa9df2f,do_not_honor,0,19.8,16,8,2499.0,churned,nudge_sms,0.024602428402739435,0
evt_000900_6ae6a958,do_not_honor,4,16.2,18,1,499.0,recovered,nudge_sms,0.022977369910025615,0
evt_000901_c4b2bff3,expired_card,0,3.1,28,4,999.0,recovered,escalate_human,0.7470014604064968,0
evt_000902_8c5bb79e,expired_card,0,4.7,10,5,199.0,churned,nudge_whatsapp,0.5768748662588045,1
evt_000903_e6e2a4d1,do_not_honor,1,26.9,30,4,199.0,none,stop,0.0,0
evt_000904_b2bb6ddf,stolen_card,1,10.6,16,1,1499.0,none,voice_call,0.015558000113418654,0
evt_000905_b46c4ab0,insufficient_funds,0,23.4,31,13,999.0,none,nudge_sms,0.8532096601986177,1
evt_000906_fa0d0d52,insufficient_funds,2,32.2,2,2,199.0,none,escalate_human,0.6991269305322686,0
evt_000907_6c369e5e,expired_card,3,0.4,19,9,499.0,none,nudge_whatsapp,0.33964251521575906,0
evt_000908_88292bfb,insufficient_funds,3,16.3,31,6,499.0,none,nudge_whatsapp,0.6835208937363156,0
evt_000909_f6b2410f,stolen_card,4,61.9,18,14,199.0,recovered,nudge_whatsapp,0.014343656063488086,0
evt_000910_55e43ce1,insufficient_funds,0,0.2,21,23,499.0,none,nudge_sms,0.5385720661726683,0
evt_000911_3f5093fa,insufficient_funds,2,2.4,8,2,499.0,none,voice_call,0.39550278237939895,1
evt_000912_081722af,issuer_unavailable,0,4.9,14,5,999.0,none,nudge_sms,0.5750840320100108,1
evt_000913_c782ef36,insufficient_funds,0,0.1,1,35,999.0,none,nudge_whatsapp,0.9168273035060777,1
evt_000914_913c4a98,insufficient_funds,0,36.7,27,6,199.0,none,stop,0.0,0
evt_000915_999b878b,insufficient_funds,1,21.2,5,10,999.0,none,nudge_sms,0.48771111593734845,1
evt_000916_00583e27,insufficient_funds,0,12.2,14,6,999.0,churned,retry_later,0.4613112630695926,1
evt_000917_c96a53c6,issuer_unavailable,1,10.3,18,7,499.0,churned,escalate_human,0.7847665661764321,0
evt_000918_ec113d8f,do_not_honor,0,0.2,14,7,499.0,none,escalate_human,0.026857118784809644,0
evt_000919_f12b59d9,insufficient_funds,1,0.0,26,7,2499.0,none,escalate_human,0.6590438044972725,1
evt_000920_3f3627e0,insufficient_funds,3,9.1,3,5,199.0,recovered,voice_call,0.46724297808426435,1
evt_000921_33992b54,expired_card,0,24.1,29,17,2499.0,none,retry_later,0.16566134901217017,1
evt_000922_ae678a1b,insufficient_funds,1,4.7,17,2,499.0,none,retry_later,0.35776799128981923,0
evt_000923_bc3eb563,do_not_honor,0,20.0,30,22,499.0,none,retry_later,0.024843544141003683,0
evt_000924_bf880e97,expired_card,0,20.7,22,1,199.0,none,voice_call,0.6303914936235219,1
evt_000925_b38f666c,issuer_unavailable,0,4.0,11,22,499.0,none,voice_call,0.82449952242892,1
evt_000926_ee8f74a1,insufficient_funds,4,0.5,10,14,199.0,recovered,voice_call,0.278824874749213,1
evt_000927_2f8be633,expired_card,0,10.2,11,5,499.0,recovered,voice_call,0.6472869342079538,0
evt_000928_4fa1a9e4,do_not_honor,0,1.5,11,5,199.0,none,retry_now,0.02389268941058276,0
evt_000929_81d6f7aa,insufficient_funds,1,9.9,22,10,499.0,none,escalate_human,0.6099915815589105,0
evt_000930_5082a48a,insufficient_funds,2,16.2,7,2,199.0,none,stop,0.0,0
evt_000931_7ffd364b,expired_card,0,0.2,29,5,999.0,none,retry_later,0.1350888893640333,0
evt_000932_ffc29f5f,insufficient_funds,1,1.2,9,3,999.0,churned,nudge_whatsapp,0.4114482894221206,0
evt_000933_f2cacc72,insufficient_funds,0,2.2,3,8,499.0,none,retry_now,0.4697330427799499,1
evt_000934_78a2d4df,issuer_unavailable,3,8.6,21,3,499.0,none,nudge_whatsapp,0.358922794610901,0
evt_000935_95863871,stolen_card,0,9.2,22,24,999.0,churned,voice_call,0.015828313967089842,0
evt_000936_60fb9067,do_not_honor,1,19.5,20,10,199.0,none,nudge_whatsapp,0.024662492629723677,0
evt_000937_df956c17,stolen_card,2,2.2,26,9,999.0,none,stop,0.0,0
evt_000938_dabae5ad,issuer_unavailable,2,5.7,26,8,499.0,none,retry_later,0.7335520082461706,1
evt_000939_b15ecfad,issuer_unavailable,0,5.9,8,3,199.0,none,voice_call,0.7648388966452156,1
evt_000940_16358b4c,insufficient_funds,0,17.1,20,20,499.0,none,escalate_human,0.7211038335126749,1
evt_000941_eec666e3,insufficient_funds,3,7.0,22,4,199.0,recovered,voice_call,0.31589032488971475,0
evt_000942_6054e08a,insufficient_funds,0,10.5,12,2,499.0,none,stop,0.0,0
evt_000943_b5cc8cd6,insufficient_funds,2,4.2,18,1,199.0,none,escalate_human,0.4614869123605664,0
evt_000944_7dadb062,insufficient_funds,2,24.4,17,15,2499.0,churned,nudge_sms,0.31538448316301165,0
evt_000945_71ab2a32,do_not_honor,3,60.5,19,2,1499.0,churned,escalate_human,0.025518546137680318,0
evt_000946_7a2a3400,issuer_unavailable,3,2.2,27,7,199.0,none,nudge_sms,0.3460553205175931,0
evt_000947_22a4b388,insufficient_funds,3,11.0,2,1,999.0,recovered,stop,0.0,0
evt_000948_697113ee,do_not_honor,2,25.5,17,12,999.0,none,retry_now,0.02308988508896221,0
evt_000949_5c86237a,insufficient_funds,2,4.6,10,19,199.0,none,nudge_sms,0.3485532664466484,1
evt_000950_19d5ff6d,insufficient_funds,0,9.7,13,24,2499.0,none,retry_now,0.37886744809229167,0
evt_000951_97556c0a,issuer_unavailable,0,0.0,22,11,499.0,none,stop,0.0,0
evt_000952_36c4006f,insufficient_funds,0,25.5,26,1,1499.0,none,voice_call,0.6198793107351354,0
evt_000953_b7197fac,issuer_unavailable,1,8.4,12,15,999.0,churned,escalate_human,0.8107839762965745,1
evt_000954_08b66b91,insufficient_funds,1,6.8,18,31,199.0,none,voice_call,0.5976401295458675,0
evt_000955_c1851d52,insufficient_funds,0,12.2,27,8,199.0,none,retry_now,0.4194652970976651,1
evt_000956_18b6962b,insufficient_funds,0,8.7,16,29,199.0,none,nudge_sms,0.5493059313118057,0
evt_000957_13b043ab,insufficient_funds,2,15.0,7,19,199.0,none,retry_later,0.4102667007077364,0
evt_000958_1aee37ab,stolen_card,0,10.5,9,2,499.0,none,retry_later,0.015217121208656299,0
evt_000959_ee7a5dbe,insufficient_funds,1,67.0,8,1,499.0,recovered,voice_call,0.4764576095741506,1
evt_000960_5cae2d0c,insufficient_funds,0,3.5,19,39,499.0,none,retry_later,0.6150445079012591,0
evt_000961_65aaee45,insufficient_funds,1,59.2,28,25,499.0,none,retry_later,0.6954010055135276,0
evt_000962_367f8855,insufficient_funds,1,20.4,19,11,999.0,none,retry_now,0.2508256131123722,0
evt_000963_6b5e0494,insufficient_funds,2,3.5,6,1,499.0,none,retry_later,0.3495230494490107,0
evt_000964_ec40e307,insufficient_funds,2,2.9,8,26,499.0,none,nudge_whatsapp,0.4512173618768768,1
evt_000965_e2b9f74a,stolen_card,2,11.4,24,10,499.0,none,retry_later,0.014701429189225852,0
evt_000966_4e8bccc1,insufficient_funds,1,5.0,7,4,2499.0,none,retry_later,0.42241607662237557,0
evt_000967_979f90bd,insufficient_funds,2,3.4,8,2,499.0,none,voice_call,0.39550278237939895,1
evt_000968_e3e6a14a,insufficient_funds,0,8.5,16,10,499.0,none,nudge_sms,0.45459214725290126,1
evt_000969_cd3a8f57,do_not_honor,0,31.6,27,13,499.0,none,stop,0.0,0
evt_000970_75017cc5,insufficient_funds,0,30.2,14,4,499.0,none,stop,0.0,0
evt_000971_5ee10ef8,insufficient_funds,0,23.3,9,9,2499.0,none,stop,0.0,0
evt_000972_d546d462,insufficient_funds,0,19.9,19,7,499.0,recovered,stop,0.0,0
evt_000973_4f823228,expired_card,0,6.0,7,2,999.0,none,retry_later,0.11578830475943835,1
evt_000974_6f8f8c20,insufficient_funds,0,6.6,21,6,1499.0,none,stop,0.0,0
evt_000975_ece680be,issuer_unavailable,1,11.4,28,12,2499.0,none,retry_now,0.7488866909349019,0
evt_000976_5bfb00f6,insufficient_funds,0,5.4,6,2,499.0,none,escalate_human,0.6909204151856398,0
evt_000977_bb03de9d,expired_card,0,15.3,19,12,499.0,none,retry_later,0.13530004649700686,0
evt_000978_c00af609,stolen_card,1,27.3,26,4,199.0,recovered,escalate_human,0.01618265922190452,0
evt_000979_596c0a66,insufficient_funds,4,34.2,28,9,499.0,recovered,retry_later,0.36713965336110255,1
evt_000980_ca66799b,issuer_unavailable,1,6.8,10,6,199.0,none,retry_later,0.7824425272009871,0
evt_000981_66ae926d,insufficient_funds,0,25.6,30,16,199.0,none,stop,0.0,0
evt_000982_cafa99bb,expired_card,0,0.0,13,9,999.0,none,stop,0.0,0
evt_000983_381bcbe0,issuer_unavailable,2,3.5,15,29,499.0,churned,voice_call,0.7274812313778246,0
evt_000984_4cc12669,insufficient_funds,0,4.4,10,10,1499.0,recovered,escalate_human,0.6834564042654365,1
evt_000985_4e4ad1cc,insufficient_funds,1,0.5,25,32,199.0,none,stop,0.0,0
evt_000986_03385ce1,do_not_honor,0,10.1,18,12,199.0,none,retry_later,0.024843544141003683,0
evt_000987_3673d276,do_not_honor,0,16.3,13,1,499.0,none,escalate_human,0.026857118784809644,0
evt_000988_8d47c5b8,issuer_unavailable,1,8.5,26,1,199.0,churned,nudge_sms,0.4806894666197027,1
evt_000989_e1f4d9ed,insufficient_funds,1,66.3,4,4,1499.0,none,voice_call,0.5854121458196622,1
evt_000990_b3b535f1,issuer_unavailable,0,12.7,28,25,199.0,recovered,nudge_whatsapp,0.7315858445362446,1
evt_000991_55966133,insufficient_funds,1,9.8,28,6,499.0,recovered,nudge_sms,0.5855241031829669,0
evt_000992_6c8e8f0c,insufficient_funds,0,59.1,13,2,499.0,none,nudge_sms,0.4194089237070052,1
evt_000993_62c73f22,issuer_unavailable,0,7.2,3,6,499.0,recovered,voice_call,0.7896278118711401,1
evt_000994_00e78afd,issuer_unavailable,2,27.8,17,67,499.0,none,voice_call,0.7544752552007724,0
evt_000995_96984561,stolen_card,2,1.4,10,13,999.0,none,voice_call,0.015292230913827184,0
evt_000996_5bd23786,insufficient_funds,0,25.1,20,19,199.0,none,retry_now,0.3612238087982627,1
evt_000997_d7c40f26,stolen_card,0,3.5,17,5,2499.0,none,escalate_human,0.016463644763656287,0
evt_000998_35a780d4,do_not_honor,1,1.3,1,6,499.0,recovered,nudge_sms,0.024185953768396405,0
evt_000999_f0022054,expired_card,0,5.8,15,5,199.0,none,nudge_sms,0.5254481699470912,0
evt_001000_4bd94800,expired_card,3,3.5,4,4,2499.0,none,nudge_whatsapp,0.3326055245465571,1
evt_001001_143563fc,do_not_honor,1,12.2,2,22,999.0,recovered,stop,0.0,0
evt_001002_396ce242,issuer_unavailable,0,11.1,21,12,499.0,none,retry_later,0.8519474305074459,1
evt_001003_cd477a9e,insufficient_funds,0,5.8,16,3,499.0,recovered,escalate_human,0.6394931583076519,1
evt_001004_d4bdaaa5,do_not_honor,1,36.9,6,14,1499.0,none,nudge_sms,0.024185953768396405,0
evt_001005_cc9aa5eb,insufficient_funds,3,15.9,1,4,499.0,none,stop,0.0,0
evt_001006_24b4d4b4,issuer_unavailable,0,0.2,29,16,199.0,none,nudge_sms,0.6600027028264797,1
evt_001007_ae5b632f,issuer_unavailable,0,19.7,16,7,499.0,none,stop,0.0,0
evt_001008_4b8135b1,insufficient_funds,1,9.3,30,11,499.0,none,nudge_whatsapp,0.8277836082661221,1
evt_001009_9e1468f4,stolen_card,0,1.3,2,11,999.0,recovered,escalate_human,0.016463644763656287,0
evt_001010_99218f89,insufficient_funds,0,36.4,20,37,199.0,none,retry_later,0.6195834562495106,1
evt_001011_f2ec627d,insufficient_funds,0,0.4,9,39,499.0,none,nudge_sms,0.6111190567164099,0
evt_001012_e8154d70,expired_card,1,36.1,18,3,999.0,recovered,retry_later,0.08422052957078838,0
evt_001013_cab1c2dd,expired_card,1,18.2,29,32,199.0,recovered,stop,0.0,0
evt_001014_2c5b3cca,insufficient_funds,0,49.1,8,17,999.0,recovered,nudge_sms,0.5310217874033877,0
evt_001015_a0be49ff,do_not_honor,0,17.0,7,1,499.0,none,nudge_whatsapp,0.025086962153479813,0
evt_001016_7478e466,insufficient_funds,1,0.1,19,36,499.0,none,retry_later,0.5296070514578312,1
evt_001017_701b40eb,issuer_unavailable,1,0.0,12,1,999.0,none,nudge_whatsapp,0.5187692530340017,0
evt_001018_a8a203f2,insufficient_funds,1,2.8,14,11,2499.0,none,voice_call,0.4970933378018915,0
evt_001019_6b3f44fa,expired_card,0,6.5,8,9,499.0,none,retry_later,0.13003994702337954,0
evt_001020_f4a66153,issuer_unavailable,1,5.3,20,20,1499.0,none,retry_now,0.7608117030652867,1
evt_001021_323593b3,insufficient_funds,0,0.4,20,1,1499.0,none,stop,0.0,0
evt_001022_555531ff,insufficient_funds,1,1.5,17,3,499.0,none,retry_now,0.21897890140394863,0
evt_001023_897de6cd,insufficient_funds,4,1.3,6,2,499.0,none,nudge_sms,0.19763585104549297,0
evt_001024_6a6c60cb,issuer_unavailable,0,20.6,15,14,199.0,none,nudge_sms,0.6181918791859893,1
evt_001025_353da855,issuer_unavailable,1,1.5,10,2,2499.0,churned,retry_later,0.7685172075416651,1
evt_001026_7da77e7e,issuer_unavailable,1,5.8,21,28,199.0,none,voice_call,0.7891746211800528,1
evt_001027_fc4957cf,insufficient_funds,1,30.1,8,4,999.0,none,voice_call,0.4914410248952189,1
evt_001028_9e401c2c,do_not_honor,0,0.6,25,7,499.0,none,retry_now,0.02389268941058276,0
evt_001029_d3413233,insufficient_funds,0,0.3,4,31,199.0,none,escalate_human,0.8368576999515548,1
evt_001030_3b400019,insufficient_funds,1,2.8,4,6,499.0,none,voice_call,0.595085996048962,1
evt_001031_20edc05d,insufficient_funds,0,12.6,15,13,999.0,none,retry_now,0.3258896460429172,0
evt_001032_5ea171c6,insufficient_funds,1,2.4,7,6,499.0,recovered,nudge_sms,0.4078494106159585,0
evt_001033_c02e0ad8,stolen_card,4,2.9,4,6,199.0,none,retry_now,0.013653659097350888,0
evt_001034_be7ecaf6,expired_card,0,21.6,15,8,999.0,none,nudge_sms,0.5403820311300623,0
evt_001035_022d5db2,insufficient_funds,1,8.4,23,4,1499.0,recovered,nudge_sms,0.38089449985777807,0
evt_001036_850680b1,insufficient_funds,2,35.5,23,3,199.0,none,nudge_whatsapp,0.3416942267512745,0
evt_001037_2a8454de,insufficient_funds,1,5.1,26,11,499.0,none,retry_later,0.5177012398409601,0
evt_001038_eb403656,issuer_unavailable,0,5.4,31,17,999.0,recovered,retry_now,0.8375349374193038,1
evt_001039_acfeda86,insufficient_funds,2,26.5,1,44,199.0,churned,retry_later,0.8347951298093854,1
evt_001040_7a7e5ebe,insufficient_funds,1,8.1,23,4,999.0,recovered,retry_later,0.4047400332931919,0
evt_001041_dae5dce9,expired_card,1,6.7,15,16,199.0,none,nudge_whatsapp,0.5428647008043602,1
evt_001042_f3740716,insufficient_funds,0,9.0,9,5,199.0,recovered,retry_later,0.48301118161241097,1
evt_001043_e8d2ebb8,do_not_honor,4,24.6,1,7,499.0,recovered,stop,0.0,0
evt_001044_8c844f77,expired_card,2,1.4,25,4,499.0,recovered,stop,0.0,0
evt_001045_e1367363,do_not_honor,1,22.7,16,13,199.0,none,retry_later,0.024423090054107196,0
evt_001046_927559ce,insufficient_funds,0,22.0,18,4,199.0,none,retry_now,0.29021128685739633,0
evt_001047_2dd60f67,insufficient_funds,1,9.6,1,12,499.0,recovered,voice_call,0.8005922431513315,0
evt_001048_462291ff,insufficient_funds,0,12.2,13,15,199.0,recovered,retry_now,0.3375216759649744,0
evt_001049_f4ed7608,insufficient_funds,0,8.5,30,39,199.0,none,escalate_human,0.9321377064230055,1
evt_001050_d701764a,insufficient_funds,1,2.5,13,10,199.0,recovered,nudge_sms,0.37397525051369335,0
evt_001051_05ccefe0,do_not_honor,1,3.4,11,29,1499.0,none,nudge_whatsapp,0.024662492629723677,0
evt_001052_255ae9f4,insufficient_funds,0,17.5,16,17,199.0,recovered,retry_now,0.34370311404905657,1
evt_001053_b4d5d609,insufficient_funds,0,1.1,18,5,499.0,none,retry_later,0.45879359999093455,0
evt_001054_6b5c0919,expired_card,0,11.8,28,1,499.0,recovered,stop,0.0,0
evt_001055_7161004a,insufficient_funds,0,2.4,9,8,499.0,none,voice_call,0.5883810723371181,1
evt_001056_f18b5b0f,do_not_honor,1,12.4,7,17,199.0,none,voice_call,0.02539450392504494,0
evt_001057_70b79376,expired_card,3,8.4,22,26,499.0,none,nudge_sms,0.3737638607098803,1
evt_001058_a085d876,stolen_card,0,0.3,26,9,1499.0,none,retry_now,0.014629178170484324,0
evt_001059_1dffded3,expired_card,2,6.5,30,11,499.0,none,retry_now,0.05841455554239626,0
evt_001060_017d0c25,insufficient_funds,3,22.1,16,12,999.0,none,nudge_whatsapp,0.27049093052912776,0
evt_001061_009fdc54,insufficient_funds,0,17.8,15,5,199.0,none,nudge_whatsapp,0.47947822734532014,0
evt_001062_b8bd2d45,issuer_unavailable,2,40.7,29,20,199.0,none,escalate_human,0.7930331292518347,1
evt_001063_14035682,do_not_honor,1,18.7,25,22,499.0,recovered,nudge_whatsapp,0.024662492629723677,0
evt_001064_f9d8b99d,insufficient_funds,4,1.1,24,9,1499.0,none,escalate_human,0.3703931417023273,0
evt_001065_242ebbb5,insufficient_funds,3,5.4,10,56,499.0,recovered,nudge_whatsapp,0.39283651130897457,0
evt_001066_098f2641,insufficient_funds,0,17.0,16,1,499.0,none,voice_call,0.5332421380741577,1
evt_001067_0840869c,expired_card,2,13.6,7,35,999.0,none,stop,0.0,0
evt_001068_9f83b408,do_not_honor,0,9.8,23,11,499.0,recovered,retry_now,0.02389268941058276,0
evt_001069_d3b51b0f,insufficient_funds,0,19.8,15,42,499.0,none,nudge_sms,0.5836722426984902,0
evt_001070_54325c71,insufficient_funds,0,1.1,18,3,499.0,none,retry_now,0.28610886253359585,0
evt_001071_4ebe39c9,insufficient_funds,0,17.7,15,17,1499.0,recovered,retry_now,0.34370311404905657,1
evt_001072_5de9d8ea,issuer_unavailable,4,1.2,29,6,1499.0,churned,nudge_whatsapp,0.32372755493163335,1
evt_001073_7a695045,insufficient_funds,1,3.2,11,6,499.0,none,voice_call,0.4799965800715158,0
evt_001074_adc0bb51,expired_card,1,1.3,21,13,999.0,none,stop,0.0,0
evt_001075_55e9bd9a,issuer_unavailable,0,1.2,28,1,199.0,none,retry_later,0.8351648743472408,1
evt_001076_06f355cf,insufficient_funds,1,8.4,17,1,199.0,none,escalate_human,0.5469545406872149,1
evt_001077_99967ce3,insufficient_funds,1,14.4,12,25,499.0,recovered,nudge_sms,0.4498113153189611,1
evt_001078_f0acc014,insufficient_funds,0,34.0,23,8,2499.0,none,escalate_human,0.6890669359875043,1
evt_001079_7f6717da,insufficient_funds,2,1.8,5,41,1499.0,none,nudge_whatsapp,0.5795276279302514,0
evt_001080_c9af1b86,insufficient_funds,2,4.6,28,3,499.0,none,retry_later,0.5088722001864673,1
evt_001081_a64a0a8b,expired_card,0,12.8,2,14,499.0,none,retry_now,0.11138278928194191,0
evt_001082_f12873a0,insufficient_funds,3,4.1,5,14,199.0,recovered,nudge_whatsapp,0.38481379235256746,0
evt_001083_3d0a382e,insufficient_funds,0,3.2,12,9,2499.0,none,nudge_sms,0.45724638526641415,1
evt_001084_be9830e7,insufficient_funds,0,7.3,15,8,1499.0,none,stop,0.0,0
evt_001085_940c05ce,issuer_unavailable,0,11.3,14,4,499.0,none,retry_now,0.7654194117976248,1
evt_001086_6aa8f539,insufficient_funds,3,6.1,1,45,199.0,none,voice_call,0.7631450157268554,1
evt_001087_198e51ee,stolen_card,2,27.3,15,15,999.0,none,escalate_human,0.015906391711814714,0
evt_001088_1df84d9e,issuer_unavailable,0,9.5,10,1,499.0,none,retry_later,0.822000083240544,1
evt_001089_4b29e693,insufficient_funds,3,9.7,10,1,999.0,none,nudge_sms,0.2082667911307158,0
evt_001090_410ba397,expired_card,3,9.2,8,3,199.0,none,escalate_human,0.48235592764899715,1
evt_001091_be73dd1e,stolen_card,2,3.1,5,7,499.0,none,stop,0.0,0
evt_001092_6151d72c,do_not_honor,4,12.7,2,43,499.0,none,voice_call,0.024127021417669196,0
evt_001093_caec40c1,do_not_honor,0,10.3,11,22,999.0,churned,nudge_sms,0.024602428402739435,0
evt_001094_e5f96016,insufficient_funds,0,5.6,16,24,499.0,none,nudge_sms,0.5244471825945319,0
evt_001095_9fc392d7,insufficient_funds,0,5.4,28,33,199.0,none,escalate_human,0.8674713879124446,0
evt_001096_4530ad67,insufficient_funds,4,3.6,13,6,1499.0,none,retry_later,0.1757805773990573,0
evt_001097_b6e66842,do_not_honor,3,34.7,8,24,1499.0,none,retry_now,0.02269841923472085,0
evt_001098_04c95e4c,do_not_honor,0,4.4,2,14,1499.0,churned,nudge_whatsapp,0.025086962153479813,0
evt_001099_79f5800b,issuer_unavailable,0,29.8,3,12,199.0,none,nudge_whatsapp,0.6775823682232817,0
evt_001100_cd50bf3e,insufficient_funds,0,7.4,22,2,1499.0,none,nudge_whatsapp,0.49300509571972423,1
evt_001101_184651f8,insufficient_funds,0,37.5,14,18,999.0,churned,retry_now,0.34941155623949327,0
evt_001102_ec352bb0,insufficient_funds,1,4.4,20,4,199.0,churned,nudge_sms,0.3538360914407547,0
evt_001103_e30d0612,expired_card,0,39.1,5,3,999.0,none,retry_later,0.12054486195465748,0
evt_001104_776011aa,insufficient_funds,0,17.3,17,20,199.0,none,retry_now,0.35855835762617555,1
evt_001105_9ce3d24a,do_not_honor,0,7.0,1,11,199.0,none,voice_call,0.025831238524664044,0
evt_001106_5a24ec86,issuer_unavailable,1,7.7,7,2,999.0,none,retry_now,0.693613403209753,1
evt_001107_c6d56c3b,insufficient_funds,1,8.4,6,11,499.0,none,nudge_sms,0.45732002688633605,0
evt_001108_bd3fd1a1,insufficient_funds,1,21.3,9,2,499.0,recovered,nudge_sms,0.3593971958177135,1
evt_001109_d10c8109,expired_card,2,2.1,4,23,499.0,none,voice_call,0.5826291903056849,0
evt_001110_05a63f17,insufficient_funds,0,22.8,6,7,499.0,churned,retry_now,0.35535690864301833,0
evt_001111_7a737789,do_not_honor,2,10.0,31,12,999.0,none,retry_now,0.02308988508896221,0
evt_001112_2c6e45a3,expired_card,1,32.8,23,9,999.0,none,voice_call,0.5864707132368235,1
evt_001113_a9861ca0,issuer_unavailable,1,11.7,24,3,999.0,none,nudge_whatsapp,0.534213216207833,1
evt_001114_b36ff4b4,insufficient_funds,3,7.3,12,11,499.0,recovered,voice_call,0.3330963370551811,1
evt_001115_87193198,insufficient_funds,0,16.6,13,5,999.0,none,retry_later,0.45879359999093455,0
evt_001116_3f26a896,do_not_honor,0,5.2,22,7,499.0,recovered,retry_later,0.024843544141003683,0
evt_001117_8e3a3ba1,expired_card,1,12.1,6,27,999.0,none,nudge_whatsapp,0.6053422628104267,0
evt_001118_65c6b98a,issuer_unavailable,1,5.9,9,12,1499.0,none,voice_call,0.7318240242841866,1
evt_001119_cd101bba,issuer_unavailable,0,9.9,2,7,2499.0,recovered,retry_later,0.8561046423667861,1
evt_001120_1c397b51,insufficient_funds,4,3.6,9,5,499.0,none,voice_call,0.2492300024973861,0
evt_001121_39d1671f,insufficient_funds,0,1.0,29,26,499.0,recovered,nudge_sms,0.8147853814688162,1
evt_001122_fc7121ad,stolen_card,0,35.7,23,18,499.0,none,retry_now,0.014629178170484324,0
evt_001123_f4d6cdc3,insufficient_funds,3,17.1,14,7,199.0,none,voice_call,0.3118194750325321,0
evt_001124_c48fa010,insufficient_funds,1,3.3,31,29,199.0,none,stop,0.0,0
evt_001125_a0234800,issuer_unavailable,0,47.6,3,11,499.0,none,retry_now,0.805758747951321,0
evt_001126_776e7fd5,stolen_card,2,17.0,6,7,199.0,churned,escalate_human,0.015906391711814714,0
evt_001127_a0a5ed89,issuer_unavailable,0,11.0,4,2,999.0,none,nudge_whatsapp,0.6256443713046532,1
evt_001128_002f7090,stolen_card,0,35.5,20,12,1499.0,none,retry_later,0.015217121208656299,0
evt_001129_b51d64c9,stolen_card,3,9.6,16,12,499.0,none,nudge_whatsapp,0.014593183952298106,0
evt_001130_6f79ec1a,insufficient_funds,3,3.5,17,16,199.0,none,retry_now,0.1529528339906074,0
evt_001131_0541ffba,issuer_unavailable,1,19.5,20,4,199.0,none,voice_call,0.6978614285598993,1
evt_001132_fea27f63,insufficient_funds,2,3.4,18,27,199.0,none,nudge_sms,0.37163703909866513,1
evt_001133_6af013c4,insufficient_funds,1,1.5,5,4,199.0,recovered,voice_call,0.5495953782485198,1
evt_001134_f5c20c2d,do_not_honor,2,19.3,7,2,499.0,recovered,stop,0.0,0
evt_001135_23117b91,expired_card,0,62.1,10,3,499.0,none,voice_call,0.6387533485181992,1
evt_001136_af4f6611,issuer_unavailable,1,2.7,23,16,499.0,none,nudge_whatsapp,0.5961369033816865,1
evt_001137_f19be0a1,issuer_unavailable,4,10.6,21,20,499.0,none,stop,0.0,0
evt_001138_49bd93da,insufficient_funds,0,1.8,2,16,999.0,none,escalate_human,0.8609429348332251,0
evt_001139_bb8525a3,expired_card,2,22.1,30,4,1499.0,none,retry_later,0.0744679451660281,0
evt_001140_bfc35dbf,insufficient_funds,0,31.6,31,1,499.0,recovered,voice_call,0.8205384805926731,1
evt_001141_9c460455,expired_card,0,15.6,31,8,499.0,none,retry_now,0.1052693895225098,0
evt_001142_3cb689b4,issuer_unavailable,2,56.5,7,3,999.0,recovered,nudge_whatsapp,0.4469669912265594,0
evt_001143_d1dc49e6,insufficient_funds,3,7.6,20,33,499.0,recovered,nudge_sms,0.3269044404920675,0
evt_001144_db658368,stolen_card,4,30.0,23,23,499.0,churned,nudge_whatsapp,0.014343656063488086,0
evt_001145_ed8aa193,insufficient_funds,0,8.2,8,11,499.0,none,voice_call,0.6120080288606256,1
evt_001146_ef4fd6e3,insufficient_funds,0,0.1,30,13,1499.0,none,retry_now,0.6592603884513855,1
evt_001147_26f94938,insufficient_funds,1,0.8,29,6,499.0,none,nudge_whatsapp,0.7173611529622327,1
evt_001148_50884f98,insufficient_funds,0,20.3,7,3,499.0,none,nudge_sms,0.47929610472727296,1
evt_001149_c15270f8,expired_card,1,49.3,16,24,999.0,none,nudge_sms,0.5329224748805543,1
evt_001150_3d61bc2b,insufficient_funds,2,0.2,9,30,2499.0,none,retry_now,0.2684063509913707,0
evt_001151_5f099e8e,do_not_honor,0,4.6,11,7,499.0,none,voice_call,0.025831238524664044,1
evt_001152_646d6c19,insufficient_funds,1,0.2,6,9,499.0,none,nudge_sms,0.4474111277038904,0
evt_001153_82ab3aa9,issuer_unavailable,1,36.4,2,16,1499.0,recovered,escalate_human,0.8338699115624545,1
evt_001154_3d6ae31a,do_not_honor,0,0.3,30,7,499.0,recovered,retry_now,0.02389268941058276,0
evt_001155_864c2b8f,insufficient_funds,2,0.6,1,11,499.0,none,escalate_human,0.8053384164084221,1
evt_001156_f5ec1bf6,expired_card,0,7.9,21,14,999.0,none,nudge_whatsapp,0.6200964000415687,1
evt_001157_c715b1c1,insufficient_funds,1,11.1,10,2,499.0,none,escalate_human,0.5645630097553518,1
evt_001158_1e05ae28,issuer_unavailable,0,1.3,17,3,1499.0,none,escalate_human,0.8267296643437054,1
evt_001159_1eef049d,insufficient_funds,0,41.4,25,9,199.0,none,retry_now,0.3645721317586342,0
evt_001160_8a4a26a3,expired_card,1,11.2,19,15,999.0,none,retry_now,0.07277068630416228,0
evt_001161_70d61646,insufficient_funds,0,8.4,21,8,199.0,none,retry_now,0.31641462384864616,0
evt_001162_989ba1c4,do_not_honor,2,48.2,13,16,499.0,none,nudge_whatsapp,0.024245026490228132,0
evt_001163_0be20e14,issuer_unavailable,0,6.1,9,3,999.0,recovered,escalate_human,0.8283384029430444,0
evt_001164_69f685e2,insufficient_funds,0,28.8,1,39,499.0,none,stop,0.0,0
evt_001165_2f40f14e,issuer_unavailable,0,6.4,31,10,499.0,none,escalate_human,0.8698915256370021,1
evt_001166_694a3488,insufficient_funds,0,1.4,22,1,999.0,none,nudge_sms,0.4383203970647978,0
evt_001167_84bdcae8,insufficient_funds,1,1.7,14,2,499.0,none,stop,0.0,0
evt_001168_4f61c354,insufficient_funds,3,1.3,25,10,999.0,none,escalate_human,0.47861950673331827,0
evt_001169_33d1c580,do_not_honor,2,6.2,9,10,199.0,none,nudge_sms,0.023776357441429207,0
evt_001170_5ac41a25,do_not_honor,1,8.4,7,2,1499.0,none,escalate_human,0.026403509502070335,0
evt_001171_80f93878,do_not_honor,1,37.9,17,51,999.0,churned,voice_call,0.02539450392504494,0
evt_001172_589431a8,expired_card,1,25.7,7,4,499.0,recovered,nudge_whatsapp,0.48926841251667824,1
evt_001173_51a14a80,insufficient_funds,1,39.9,8,5,499.0,none,retry_later,0.4095675805907787,0
evt_001174_5a473ddd,do_not_honor,0,21.5,4,3,199.0,none,retry_later,0.024843544141003683,0
evt_001175_f8c0a827,insufficient_funds,2,23.3,24,19,499.0,none,retry_now,0.24406319320776776,1
evt_001176_1cda4a8e,insufficient_funds,0,40.6,10,6,1499.0,none,voice_call,0.5719231505010527,0
evt_001177_c94f30ab,insufficient_funds,0,30.0,21,36,499.0,none,retry_later,0.6258831311123948,0
evt_001178_5594c588,issuer_unavailable,1,12.3,26,23,199.0,none,retry_now,0.7794938868661428,1
evt_001179_55e5c3b1,issuer_unavailable,0,27.6,20,1,499.0,none,retry_now,0.7553097488176145,1
evt_001180_31112fac,expired_card,0,3.0,17,3,999.0,recovered,retry_now,0.08036668803375634,0
evt_001181_1af3f792,insufficient_funds,0,37.4,12,8,2499.0,recovered,voice_call,0.5734120835849646,0
evt_001182_a4589ae1,insufficient_funds,0,7.6,11,12,199.0,none,stop,0.0,0
evt_001183_725e0380,insufficient_funds,0,7.3,12,54,999.0,none,nudge_whatsapp,0.6384324321090132,1
evt_001184_b3a9404f,insufficient_funds,0,8.7,10,7,499.0,recovered,retry_now,0.3121046642308941,0
evt_001185_8259cd87,insufficient_funds,3,1.5,31,1,999.0,none,voice_call,0.6153837563911821,1
evt_001186_d1e9c278,stolen_card,0,1.4,10,15,199.0,recovered,retry_later,0.015217121208656299,0
evt_001187_a6845356,expired_card,1,1.3,21,22,1499.0,none,stop,0.0,0
evt_001188_b45ffbc7,issuer_unavailable,0,9.0,17,8,999.0,none,voice_call,0.7794776122147967,1
evt_001189_78a5f5c8,insufficient_funds,3,14.7,16,1,999.0,none,retry_now,0.11744665413446898,0
evt_001190_72923bd0,insufficient_funds,0,11.3,6,18,1499.0,none,stop,0.0,0
evt_001191_d014cb1f,insufficient_funds,1,7.6,3,25,199.0,none,nudge_sms,0.6738153601690957,1
evt_001192_8ec2a201,insufficient_funds,2,7.5,29,22,499.0,none,retry_now,0.43613668886439294,1
evt_001193_b7d490e3,issuer_unavailable,0,5.7,3,19,999.0,none,stop,0.0,0
evt_001194_e4e6001b,insufficient_funds,0,2.6,26,5,199.0,none,retry_now,0.370292076868059,1
evt_001195_de6380ea,insufficient_funds,4,2.9,13,37,999.0,churned,retry_later,0.2798511068655009,1
evt_001196_d0815e3d,insufficient_funds,0,4.1,21,17,499.0,none,nudge_whatsapp,0.558381351200071,1
evt_001197_4c35b315,do_not_honor,0,7.4,21,20,499.0,none,stop,0.0,0
evt_001198_04aabee1,insufficient_funds,0,4.3,3,2,499.0,none,retry_now,0.4399867002242399,0
evt_001199_f33ca132,insufficient_funds,2,2.5,16,48,499.0,none,nudge_whatsapp,0.4595552516336272,1
evt_001200_70156500,insufficient_funds,0,0.2,22,33,499.0,none,voice_call,0.7020913926337452,0
evt_001201_84bfc5ec,insufficient_funds,0,5.3,23,5,1499.0,none,voice_call,0.583160393528764,1
evt_001202_717452da,insufficient_funds,0,30.0,11,2,999.0,none,retry_now,0.28698829429602146,0
evt_001203_8f8baa04,issuer_unavailable,0,11.6,26,10,1499.0,none,stop,0.0,0
evt_001204_6710d17f,insufficient_funds,2,6.0,16,1,999.0,none,nudge_whatsapp,0.29689384529948387,0
evt_001205_bb7c6a50,expired_card,2,26.4,27,2,199.0,none,retry_later,0.06377920692306535,0
evt_001206_fce6ea5c,insufficient_funds,0,32.4,11,5,499.0,none,escalate_human,0.6569977508509574,0
evt_001207_001d75ca,insufficient_funds,1,12.4,2,5,999.0,none,escalate_human,0.7778435995578697,1
evt_001208_a387e4c2,issuer_unavailable,1,4.1,22,3,499.0,none,nudge_whatsapp,0.530934611152984,1
evt_001209_6ad854bd,issuer_unavailable,1,8.4,2,1,199.0,none,voice_call,0.7136762495064475,0
evt_001210_41fd8e04,expired_card,1,14.8,23,23,999.0,none,nudge_whatsapp,0.5816120161772633,1
evt_001211_1032907b,issuer_unavailable,2,4.6,23,1,999.0,none,retry_later,0.6983376529612318,1
evt_001212_b5a96166,insufficient_funds,0,5.4,13,7,499.0,recovered,stop,0.0,0
evt_001213_0c204b2d,insufficient_funds,0,35.0,2,16,1499.0,none,escalate_human,0.8609429348332251,1
evt_001214_2cc56d05,do_not_honor,0,10.3,10,9,999.0,churned,retry_now,0.02389268941058276,0
evt_001215_11055cf8,insufficient_funds,0,5.4,8,19,199.0,none,nudge_sms,0.5409696230232568,0
evt_001216_d7dc9f57,insufficient_funds,0,4.7,19,17,499.0,none,escalate_human,0.7059482467248895,1
evt_001217_fbdce7e9,do_not_honor,0,10.6,19,7,1499.0,recovered,retry_later,0.024843544141003683,0
evt_001218_87437199,insufficient_funds,2,22.6,4,10,199.0,none,nudge_whatsapp,0.4997427345791381,0
evt_001219_bd4fad97,issuer_unavailable,4,25.6,7,5,499.0,recovered,voice_call,0.4568741866368577,1
evt_001220_22a2eee1,insufficient_funds,1,2.0,16,1,499.0,none,nudge_whatsapp,0.37469357964721706,1
evt_001221_ffc201c7,do_not_honor,0,2.9,13,4,999.0,none,stop,0.0,0
evt_001222_df8c3315,issuer_unavailable,0,0.0,7,5,199.0,none,retry_later,0.8357674586953288,1
evt_001223_e37b1630,do_not_honor,1,0.2,15,25,499.0,churned,retry_later,0.024423090054107196,0
evt_001224_44b3516b,expired_card,4,0.3,23,11,499.0,recovered,nudge_whatsapp,0.2767569587650641,0
evt_001225_8b724e48,insufficient_funds,2,4.5,12,33,999.0,none,nudge_whatsapp,0.452287348333089,1
evt_001226_c1a53ce8,expired_card,1,8.1,16,19,499.0,none,escalate_human,0.7174566854669441,1
evt_001227_adfcf132,insufficient_funds,2,9.6,1,37,199.0,none,nudge_whatsapp,0.8481288363433407,1
evt_001228_0df01b4d,expired_card,2,34.3,8,5,499.0,none,nudge_whatsapp,0.4059808404672841,1
evt_001229_ae8a81ae,insufficient_funds,2,9.3,3,13,499.0,none,nudge_sms,0.5338214056181602,1
evt_001230_86be0b7c,stolen_card,1,7.4,22,9,499.0,none,nudge_sms,0.014810465269792841,0
evt_001231_658146ad,do_not_honor,3,4.9,20,7,199.0,none,nudge_whatsapp,0.02383445418444756,0
evt_001232_7e7f75e9,issuer_unavailable,0,0.6,21,2,199.0,none,nudge_sms,0.5621660189116524,0
evt_001233_4f46aea7,issuer_unavailable,0,0.5,11,1,199.0,none,escalate_human,0.8215867142255932,1
evt_001234_f91afa46,issuer_unavailable,0,44.6,20,18,499.0,none,escalate_human,0.8661264015682715,1
evt_001235_a05bc0a8,issuer_unavailable,0,20.0,8,34,499.0,none,stop,0.0,0
evt_001236_8b355144,stolen_card,1,13.6,12,1,999.0,none,retry_later,0.01495708659314999,0
evt_001237_0c06618b,issuer_unavailable,2,34.6,10,4,999.0,none,retry_later,0.7088813841651249,1
evt_001238_ea0209f4,issuer_unavailable,4,24.4,13,1,999.0,none,nudge_whatsapp,0.27361923264947197,0
evt_001239_dcb67253,insufficient_funds,0,0.3,25,12,999.0,recovered,retry_later,0.5741647020112315,1
evt_001240_e608ac7d,issuer_unavailable,0,3.4,3,3,2499.0,none,nudge_sms,0.589689859733566,0
evt_001241_cbb608e4,insufficient_funds,1,3.8,9,20,499.0,none,retry_now,0.29886192301593567,1
evt_001242_a81e396e,do_not_honor,2,4.5,14,9,999.0,recovered,retry_later,0.024009576565228712,0
evt_001243_5dad88a0,insufficient_funds,1,32.8,16,12,199.0,none,escalate_human,0.5994478443123135,0
evt_001244_09dede42,expired_card,0,4.1,18,26,199.0,none,nudge_sms,0.6280039283807113,1
evt_001245_a749a371,stolen_card,3,62.4,6,17,1499.0,none,retry_now,0.01389135269805543,0
evt_001246_e623f1af,insufficient_funds,1,4.4,21,1,499.0,recovered,retry_later,0.36925724242784175,0
evt_001247_2835d42b,expired_card,2,18.0,13,43,499.0,none,stop,0.0,0
evt_001248_ed80235e,insufficient_funds,2,17.5,24,18,499.0,none,voice_call,0.4873700364030481,0
evt_001249_ecbb4ab1,stolen_card,0,6.2,18,12,199.0,recovered,stop,0.0,0
evt_001250_24cd9144,insufficient_funds,1,29.1,27,1,499.0,none,escalate_human,0.6648606863861057,0
evt_001251_2ca682be,insufficient_funds,3,3.6,16,5,499.0,recovered,nudge_whatsapp,0.24376763554084468,0
evt_001252_69bdbd63,insufficient_funds,0,0.7,24,9,499.0,none,escalate_human,0.7046352784599953,1
evt_001253_7826e0d4,expired_card,1,17.8,20,10,199.0,recovered,retry_now,0.06643012302781916,0
evt_001254_fcb60602,do_not_honor,0,4.3,14,8,199.0,recovered,retry_later,0.024843544141003683,0
evt_001255_bb201689,do_not_honor,2,17.5,21,12,1499.0,churned,retry_now,0.02308988508896221,0
evt_001256_9804a5b3,insufficient_funds,2,1.1,7,15,499.0,none,retry_later,0.3910589945925997,1
evt_001257_ad68e88e,expired_card,0,15.3,19,6,499.0,none,stop,0.0,0
evt_001258_b160a59d,insufficient_funds,2,24.7,8,9,499.0,churned,retry_later,0.3462071504019742,0
evt_001259_a2699650,insufficient_funds,3,24.9,27,3,999.0,recovered,nudge_whatsapp,0.3796511769807966,1
evt_001260_96a05a06,issuer_unavailable,0,27.2,31,9,499.0,none,nudge_whatsapp,0.6856801139382539,1
evt_001261_b98ec250,do_not_honor,0,7.5,27,19,999.0,none,retry_later,0.024843544141003683,0
evt_001262_9bce4fdc,expired_card,4,21.9,5,8,499.0,none,stop,0.0,0
evt_001263_07b9a68a,insufficient_funds,0,5.9,21,6,999.0,churned,escalate_human,0.665900608688671,1
evt_001264_1e804a4b,expired_card,0,23.0,16,10,999.0,recovered,stop,0.0,0
evt_001265_d927eb29,expired_card,1,2.1,22,31,2499.0,recovered,stop,0.0,0
evt_001266_95c32ae0,insufficient_funds,0,36.1,16,1,499.0,none,nudge_sms,0.41044326909735385,1
evt_001267_e0db5675,expired_card,0,4.1,11,8,499.0,churned,voice_call,0.6608612961154454,1
evt_001268_978286f2,expired_card,2,9.1,21,8,199.0,none,voice_call,0.49248991826629557,1
evt_001269_4bb6cbf3,expired_card,0,6.9,1,10,199.0,none,retry_later,0.15446526508353475,1
evt_001270_a9a44494,expired_card,1,16.9,31,35,499.0,none,nudge_sms,0.6341355910108007,0
evt_001271_b59af6e8,insufficient_funds,0,4.9,27,24,499.0,churned,nudge_sms,0.6854582851985946,0
evt_001272_9555eeed,do_not_honor,2,25.7,1,12,999.0,none,nudge_sms,0.023776357441429207,0
evt_001273_28d2862c,insufficient_funds,1,0.9,27,11,999.0,none,voice_call,0.6189352176457203,0
evt_001274_53848ee1,insufficient_funds,1,14.6,28,27,499.0,none,nudge_whatsapp,0.7242201515805291,1
evt_001275_3fc690eb,do_not_honor,2,0.4,14,10,499.0,none,nudge_sms,0.023776357441429207,0
evt_001276_c6408a4b,issuer_unavailable,1,21.0,28,7,499.0,none,stop,0.0,0
evt_001277_3ff307c5,stolen_card,2,19.5,3,1,199.0,churned,retry_now,0.01413312496348281,0
evt_001278_f5e4d90d,stolen_card,0,17.1,17,2,499.0,churned,nudge_sms,0.015067989810592807,0
evt_001279_de478037,insufficient_funds,1,1.3,13,8,499.0,none,nudge_whatsapp,0.41212193585605356,0
evt_001280_a1ca4f45,insufficient_funds,1,15.4,30,10,199.0,none,voice_call,0.7941296281990525,1
evt_001281_be896169,insufficient_funds,0,17.5,31,3,499.0,none,retry_now,0.6130141761393355,0
evt_001282_9e04ebf3,issuer_unavailable,1,1.3,22,47,199.0,none,retry_later,0.8680580675317172,1
evt_001283_af36cea3,insufficient_funds,0,1.8,27,7,999.0,none,retry_now,0.41460300760113306,0
evt_001284_c5ff5642,insufficient_funds,3,11.7,25,2,999.0,none,retry_later,0.27865634931763983,0
evt_001285_73e0cc4d,issuer_unavailable,1,31.9,7,20,999.0,none,retry_later,0.8287887405270926,1
evt_001286_889224fc,expired_card,0,16.2,13,14,499.0,none,retry_now,0.09829299533177296,0
evt_001287_0d341162,stolen_card,0,3.4,20,8,2499.0,none,escalate_human,0.016463644763656287,0
evt_001288_c45f0495,insufficient_funds,2,0.9,16,14,999.0,recovered,nudge_sms,0.30956938506954623,0
evt_001289_e51e4f64,issuer_unavailable,2,7.8,24,10,199.0,recovered,retry_now,0.6518241291035801,1
evt_001290_33802209,stolen_card,0,17.7,22,1,199.0,none,nudge_whatsapp,0.01536770556527555,0
evt_001291_4ffaa5ea,issuer_unavailable,0,0.9,23,2,999.0,churned,voice_call,0.7612226555834498,1
evt_001292_6713d2e6,expired_card,1,10.4,19,20,999.0,none,retry_later,0.11456997154002269,0
evt_001293_86ea83de,expired_card,0,3.0,20,47,1499.0,recovered,retry_later,0.20215732446145468,0
evt_001294_23dc8c89,expired_card,1,4.9,8,8,199.0,recovered,voice_call,0.5816120161772633,1
evt_001295_9e122656,do_not_honor,1,21.1,31,4,1499.0,churned,nudge_whatsapp,0.024662492629723677,0
evt_001296_9cb26541,issuer_unavailable,0,9.7,26,37,499.0,recovered,retry_now,0.8667726244396745,0
evt_001297_ec4a035d,stolen_card,1,4.0,12,8,199.0,churned,stop,0.0,0
evt_001298_4eaedb5e,issuer_unavailable,0,11.8,22,44,499.0,none,retry_now,0.8622252794637983,0
evt_001299_8d151617,do_not_honor,0,10.0,14,10,199.0,none,retry_later,0.024843544141003683,0
evt_001300_11ad6f47,insufficient_funds,0,6.6,11,13,199.0,none,nudge_whatsapp,0.5319017513212053,1
evt_001301_ffb60e17,do_not_honor,1,10.7,19,4,999.0,recovered,nudge_whatsapp,0.024662492629723677,0
evt_001302_1d332bc0,issuer_unavailable,3,10.8,24,2,1499.0,churned,escalate_human,0.6264616907059385,1
evt_001303_bdfdf2e9,do_not_honor,1,3.7,2,40,1499.0,none,stop,0.0,0
evt_001304_c831e0d1,stolen_card,1,10.4,9,10,199.0,none,voice_call,0.015558000113418654,0
evt_001305_6e48db31,stolen_card,2,3.0,21,1,999.0,none,escalate_human,0.015906391711814714,0
evt_001306_3b0a7f80,insufficient_funds,4,33.0,12,8,1499.0,none,nudge_whatsapp,0.19917907123878661,0
evt_001307_74a9aaf5,do_not_honor,3,4.5,2,8,499.0,recovered,escalate_human,0.025518546137680318,0
evt_001308_aa4f6a5b,insufficient_funds,0,4.5,14,3,1499.0,none,nudge_sms,0.4218789343577031,1
evt_001309_513a1ff9,insufficient_funds,0,25.1,15,25,499.0,none,retry_now,0.38063944075746947,0
evt_001310_5d5d5306,insufficient_funds,2,5.0,7,23,499.0,churned,nudge_sms,0.4054365714796411,1
evt_001311_1e0755f9,insufficient_funds,3,1.9,27,20,199.0,recovered,retry_now,0.2432452957843343,0
evt_001312_fd40a03a,insufficient_funds,1,17.7,22,16,1499.0,none,voice_call,0.5417219662017586,1
evt_001313_8d8103e7,expired_card,0,1.7,29,2,999.0,none,escalate_human,0.7471191526820506,1
evt_001314_b97d0c97,insufficient_funds,1,10.4,27,47,199.0,recovered,retry_later,0.6832982449808404,1
evt_001315_733b248a,insufficient_funds,0,4.9,21,3,999.0,none,retry_now,0.29519227648724655,0
evt_001316_f3c3ab56,insufficient_funds,1,18.3,12,31,999.0,none,retry_later,0.5046415949323374,1
evt_001317_f457f383,insufficient_funds,0,1.7,31,13,499.0,none,escalate_human,0.8965995485417504,0
evt_001318_5a280772,stolen_card,2,12.5,25,14,199.0,none,retry_now,0.01413312496348281,0
evt_001319_4ade1a44,insufficient_funds,0,5.7,16,3,199.0,none,retry_now,0.28356726279020045,0
evt_001320_57e6821f,insufficient_funds,2,2.8,5,2,1499.0,recovered,nudge_whatsapp,0.41116160497120136,0
evt_001321_2f504c4b,insufficient_funds,1,0.9,26,42,499.0,none,stop,0.0,0
evt_001322_090a79de,expired_card,2,0.1,28,11,999.0,churned,stop,0.0,0
evt_001323_9499b67f,issuer_unavailable,0,6.4,7,13,199.0,none,stop,0.0,0
evt_001324_7bcdf737,do_not_honor,0,5.7,20,8,499.0,none,nudge_whatsapp,0.025086962153479813,0
evt_001325_5a893a01,insufficient_funds,1,17.8,10,7,199.0,none,voice_call,0.4899268370738657,0
evt_001326_3e94bee7,expired_card,0,29.6,4,6,199.0,none,retry_now,0.09059231451924953,0
evt_001327_8226ba9a,do_not_honor,0,12.8,26,3,199.0,none,escalate_human,0.026857118784809644,0
evt_001328_5d086c06,insufficient_funds,1,15.4,28,31,499.0,none,escalate_human,0.8158956824729066,1
evt_001329_7b1ca1eb,insufficient_funds,0,6.3,7,5,199.0,churned,voice_call,0.5961549607909117,1
evt_001330_f9b384e4,expired_card,1,2.8,26,16,999.0,none,retry_now,0.07746632365186658,0
evt_001331_cae9f634,issuer_unavailable,1,23.8,5,6,499.0,none,nudge_whatsapp,0.5554508311905368,1
evt_001332_932af76b,expired_card,0,2.2,15,10,199.0,none,stop,0.0,0
evt_001333_5a8c67bd,issuer_unavailable,0,20.2,22,32,499.0,none,stop,0.0,0
evt_001334_5bf5d6da,issuer_unavailable,1,2.4,5,6,499.0,none,retry_later,0.7896337926090771,1
evt_001335_f55a297d,insufficient_funds,0,4.1,17,19,499.0,none,retry_now,0.3539716004503726,0
evt_001336_77df98b7,insufficient_funds,2,4.4,16,43,1499.0,none,retry_now,0.275511800641518,1
evt_001337_3a835ced,insufficient_funds,0,21.5,31,39,999.0,recovered,nudge_whatsapp,0.9183397445384054,1
evt_001338_4ad91f24,issuer_unavailable,4,10.9,20,11,999.0,none,nudge_whatsapp,0.3158596318366718,1
evt_001339_427f323b,insufficient_funds,0,14.0,2,10,199.0,none,voice_call,0.7863636098229062,1
evt_001340_235eced4,insufficient_funds,1,2.3,11,8,499.0,none,nudge_whatsapp,0.420134955413674,0
evt_001341_dc1bd5a6,insufficient_funds,1,1.2,13,7,499.0,churned,escalate_human,0.5782617828108529,1
evt_001342_f751ed2f,insufficient_funds,0,2.8,13,12,499.0,none,nudge_whatsapp,0.5186912145102921,1
evt_001343_9ce0d52a,insufficient_funds,0,7.3,26,28,199.0,none,nudge_whatsapp,0.702834988856288,0
evt_001344_175a633b,insufficient_funds,0,6.4,2,32,199.0,none,nudge_whatsapp,0.8583204248006766,1
evt_001345_ec3824bf,insufficient_funds,2,6.0,20,9,499.0,churned,stop,0.0,0
evt_001346_7d44ced0,do_not_honor,1,3.8,6,8,499.0,none,retry_later,0.024423090054107196,0
evt_001347_f5c7f0e6,insufficient_funds,2,6.5,5,3,499.0,none,voice_call,0.4573628002478908,0
evt_001348_5a8cc746,insufficient_funds,0,1.0,17,20,199.0,none,escalate_human,0.7147105221867166,1
evt_001349_563fa71c,expired_card,0,43.9,17,6,999.0,none,voice_call,0.6508152703943172,0
evt_001350_f538946a,issuer_unavailable,0,3.7,25,9,499.0,none,nudge_whatsapp,0.6497123655157065,1
evt_001351_5f576c61,insufficient_funds,0,1.3,2,27,1499.0,recovered,escalate_human,0.8852530060696038,1
evt_001352_a10ff6a6,do_not_honor,3,4.9,16,3,999.0,none,escalate_human,0.025518546137680318,0
evt_001353_13c4d941,do_not_honor,0,1.4,23,2,199.0,recovered,stop,0.0,0
evt_001354_26678316,issuer_unavailable,1,3.5,27,7,999.0,recovered,nudge_sms,0.5158886207428913,1
evt_001355_523d18b1,insufficient_funds,0,10.0,16,36,499.0,none,retry_now,0.4336842592499527,0
evt_001356_576d7540,stolen_card,0,4.0,26,7,199.0,none,voice_call,0.015828313967089842,0
evt_001357_0da1d5f6,insufficient_funds,0,11.2,28,9,1499.0,recovered,voice_call,0.7308194247945521,1
evt_001358_c4121d49,do_not_honor,2,5.4,12,22,199.0,none,retry_later,0.024009576565228712,0
evt_001359_0dcd9992,insufficient_funds,2,20.7,25,18,499.0,none,escalate_human,0.6045418288972491,0
evt_001360_b476fdf8,issuer_unavailable,3,24.1,9,8,999.0,none,voice_call,0.5557415079960365,1
evt_001361_06d89874,insufficient_funds,1,16.7,31,13,499.0,none,retry_now,0.5768852611320463,1
evt_001362_cbcbc1be,do_not_honor,0,13.9,20,1,1499.0,none,escalate_human,0.026857118784809644,1
evt_001363_4573b6a8,issuer_unavailable,0,8.6,22,8,199.0,none,nudge_sms,0.5924002195373261,1
evt_001364_a5119827,do_not_honor,0,43.4,2,13,199.0,recovered,stop,0.0,0
evt_001365_c55c6f1e,issuer_unavailable,1,0.6,7,14,199.0,none,retry_now,0.7421296571806878,1
evt_001366_5b914d61,expired_card,2,13.7,6,3,499.0,recovered,voice_call,0.4744660119605576,1
evt_001367_5cfbf229,issuer_unavailable,0,7.5,8,2,1499.0,none,voice_call,0.7612226555834498,1
evt_001368_eff8b28d,insufficient_funds,0,67.8,22,18,499.0,recovered,escalate_human,0.7225762503239292,1
evt_001369_8b3b0cef,insufficient_funds,0,4.2,23,16,499.0,none,nudge_whatsapp,0.5754803377893811,0
evt_001370_332c51f2,insufficient_funds,3,13.0,31,2,499.0,none,retry_now,0.3520591979193498,0
evt_001371_aa151671,issuer_unavailable,2,10.0,27,28,2499.0,recovered,nudge_sms,0.5333444077797811,1
evt_001372_fc1857bc,insufficient_funds,0,5.6,4,31,999.0,none,stop,0.0,0
evt_001373_46188694,insufficient_funds,0,15.0,24,30,199.0,none,retry_now,0.4475608949962502,1
evt_001374_a30b4bae,insufficient_funds,1,9.3,6,1,199.0,none,retry_later,0.4326281429325114,0
evt_001375_85d1ffb6,expired_card,2,9.5,29,2,499.0,none,nudge_sms,0.3736256727856339,1
evt_001376_80c63c6d,issuer_unavailable,1,17.8,11,9,199.0,churned,retry_later,0.792018365251463,1
evt_001377_51f53081,expired_card,1,13.2,25,25,499.0,recovered,retry_now,0.09011554985695697,0
evt_001378_33ba83d2,stolen_card,1,1.8,29,22,499.0,none,retry_later,0.01495708659314999,0
evt_001379_2e731995,insufficient_funds,0,27.6,18,13,499.0,none,nudge_sms,0.47372415711898336,0
evt_001380_33c33534,insufficient_funds,1,3.0,19,14,499.0,none,retry_later,0.4203265333480482,1
evt_001381_b8a11af8,expired_card,2,24.5,18,20,499.0,none,voice_call,0.5507405156483739,0
evt_001382_79fff1a6,insufficient_funds,0,13.3,1,7,499.0,none,stop,0.0,0
evt_001383_73aaa009,do_not_honor,3,3.3,11,4,499.0,none,escalate_human,0.025518546137680318,0
evt_001384_aca49565,expired_card,0,1.8,7,7,999.0,recovered,stop,0.0,0
evt_001385_87db002d,do_not_honor,2,9.7,20,5,499.0,none,escalate_human,0.02595735719779684,0
evt_001386_1ba2951b,insufficient_funds,0,9.6,17,20,199.0,none,voice_call,0.6267672921809735,0
evt_001387_59f27ba0,do_not_honor,0,55.9,6,7,499.0,none,voice_call,0.025831238524664044,0
evt_001388_6ab76f10,insufficient_funds,0,1.9,2,37,199.0,recovered,escalate_human,0.9023086683373972,0
evt_001389_608db77b,insufficient_funds,2,3.0,1,26,499.0,recovered,escalate_human,0.8481288363433407,1
evt_001390_54e1b549,stolen_card,0,10.5,14,23,499.0,none,voice_call,0.015828313967089842,0
evt_001391_4f5c24c1,do_not_honor,0,16.7,31,21,999.0,churned,nudge_whatsapp,0.025086962153479813,0
evt_001392_471b6423,issuer_unavailable,0,10.0,10,3,199.0,churned,nudge_whatsapp,0.6153736767293247,1
evt_001393_117b8c6e,expired_card,0,1.3,23,19,499.0,none,nudge_sms,0.5985421479684323,1
evt_001394_919540ab,insufficient_funds,0,4.3,1,8,199.0,none,stop,0.0,0
evt_001395_93eb92c6,expired_card,1,0.4,1,18,999.0,none,voice_call,0.6704011598088686,0
evt_001396_fec073e7,expired_card,0,12.8,20,16,499.0,none,voice_call,0.6957487574533479,1
evt_001397_2aa356ad,expired_card,0,18.5,29,3,999.0,none,escalate_human,0.7508790868046127,1
evt_001398_b5fc57ae,do_not_honor,3,7.0,7,14,2499.0,none,stop,0.0,0
evt_001399_b96f5a8f,issuer_unavailable,0,1.1,30,20,499.0,recovered,nudge_whatsapp,0.7310585786300049,1
evt_001400_12799621,insufficient_funds,0,2.8,22,4,199.0,none,stop,0.0,0
evt_001401_35e4361b,issuer_unavailable,0,7.8,19,16,1499.0,none,stop,0.0,0
evt_001402_c5f5c623,do_not_honor,2,10.0,1,8,499.0,none,escalate_human,0.02595735719779684,0
evt_001403_c4eba4d6,insufficient_funds,0,0.3,11,7,1499.0,none,retry_later,0.47696147196949884,0
evt_001404_cccc5a34,issuer_unavailable,1,49.2,7,24,2499.0,recovered,stop,0.0,0
evt_001405_ce27e35c,insufficient_funds,1,0.4,24,8,199.0,none,escalate_human,0.6223346293171214,1
evt_001406_8b1952b3,insufficient_funds,1,17.5,22,9,199.0,none,voice_call,0.5068187851540261,0
evt_001407_9ec60602,do_not_honor,1,2.9,28,40,199.0,recovered,nudge_sms,0.024185953768396405,0
evt_001408_42122c51,insufficient_funds,1,27.3,16,2,199.0,none,voice_call,0.4509495124882838,0
evt_001409_417c0a7f,stolen_card,0,17.9,11,5,499.0,recovered,nudge_whatsapp,0.01536770556527555,0
evt_001410_e540c561,insufficient_funds,1,31.1,26,4,1499.0,none,nudge_sms,0.4578092069510487,1
evt_001411_fc44900f,expired_card,1,40.0,18,15,999.0,recovered,nudge_whatsapp,0.5383403694102411,0
evt_001412_e28bfdd9,insufficient_funds,0,37.2,6,9,999.0,recovered,retry_later,0.5594335935639962,1
evt_001413_9895ad22,issuer_unavailable,2,8.2,6,36,499.0,none,stop,0.0,0
evt_001414_5f0598d4,insufficient_funds,0,14.9,8,5,499.0,none,nudge_whatsapp,0.5210492364389054,0
evt_001415_7030227a,insufficient_funds,0,114.7,24,7,199.0,recovered,voice_call,0.6057469581076158,1
evt_001416_0b7d8c36,insufficient_funds,2,2.1,16,2,199.0,recovered,stop,0.0,0
evt_001417_4bbc7944,issuer_unavailable,0,32.8,23,4,199.0,none,retry_later,0.8319337262632707,1
evt_001418_fb233a26,insufficient_funds,2,30.0,15,11,499.0,none,nudge_whatsapp,0.3402605736906459,0
evt_001419_2dc13557,insufficient_funds,0,46.6,29,25,499.0,recovered,voice_call,0.8324573208797801,1
evt_001420_2b1d2206,do_not_honor,0,8.0,5,21,499.0,none,voice_call,0.025831238524664044,0
evt_001421_5a87c0ae,stolen_card,0,0.5,17,25,999.0,none,retry_later,0.015217121208656299,0
evt_001422_4005676c,do_not_honor,0,6.2,2,1,2499.0,churned,nudge_whatsapp,0.025086962153479813,0
evt_001423_95b56262,insufficient_funds,0,4.2,25,15,499.0,churned,retry_now,0.39279606308960047,0
evt_001424_8feba3cb,issuer_unavailable,0,6.0,11,2,199.0,none,escalate_human,0.82449952242892,1
evt_001425_de283478,issuer_unavailable,1,4.1,11,20,1499.0,none,retry_now,0.7608117030652867,1
evt_001426_15889f3b,issuer_unavailable,0,3.1,22,35,499.0,none,retry_later,0.901490515618806,1
evt_001427_16e54793,stolen_card,1,6.1,24,11,499.0,none,stop,0.0,0
evt_001428_0b938c77,expired_card,2,6.5,23,21,199.0,churned,retry_now,0.05949047243469936,0
evt_001429_16092a3f,expired_card,0,3.6,26,15,2499.0,none,retry_now,0.10458561691730105,1
evt_001430_2ee86df2,insufficient_funds,3,24.6,4,20,999.0,recovered,retry_later,0.43757022816581637,1
evt_001431_c45214e4,insufficient_funds,0,7.2,4,11,499.0,none,nudge_whatsapp,0.672380370411554,1
evt_001432_34958c87,insufficient_funds,0,32.6,13,6,199.0,none,stop,0.0,0
evt_001433_6aade4dc,issuer_unavailable,1,11.7,3,2,499.0,none,voice_call,0.709443626474715,1
evt_001434_3327503e,expired_card,0,38.3,14,8,499.0,recovered,escalate_human,0.7431918180261369,1
evt_001435_1250f90f,insufficient_funds,1,2.6,22,2,999.0,none,stop,0.0,0
evt_001436_a4066378,issuer_unavailable,0,12.8,28,15,1499.0,none,escalate_human,0.8701949349003989,1
evt_001437_7af5b1c8,do_not_honor,2,14.3,18,17,199.0,none,voice_call,0.02496496406763323,0
evt_001438_1ac922d3,expired_card,0,14.1,13,1,1499.0,recovered,nudge_whatsapp,0.5556838423344496,0
evt_001439_863fae47,insufficient_funds,2,17.2,17,18,199.0,none,retry_now,0.21054776704193923,0
evt_001440_cbb64bce,insufficient_funds,0,17.7,23,22,499.0,none,escalate_human,0.7456909076097324,1
evt_001441_d7952695,issuer_unavailable,3,4.6,13,28,499.0,none,nudge_whatsapp,0.4784291794545654,0
evt_001442_1b6a3b95,stolen_card,1,15.2,26,10,199.0,none,retry_now,0.014379043799739054,0
evt_001443_25be851e,expired_card,0,0.9,23,3,199.0,none,nudge_sms,0.5198381787079238,1
evt_001444_90c0776a,expired_card,2,15.6,17,4,1499.0,none,retry_later,0.061955834149470014,0
evt_001445_a223ac85,insufficient_funds,0,1.3,23,2,999.0,recovered,escalate_human,0.6627918860548038,1
evt_001446_29c03734,insufficient_funds,0,18.5,3,12,999.0,none,retry_later,0.7141227873017235,0
evt_001447_b59c2c2d,insufficient_funds,0,0.3,23,51,499.0,none,nudge_whatsapp,0.6691286554217007,0
evt_001448_9ab00c82,insufficient_funds,3,4.9,6,11,199.0,churned,retry_now,0.1728482463957942,0
evt_001449_c3edbd0e,insufficient_funds,1,13.5,9,4,499.0,none,stop,0.0,0
evt_001450_78cc4078,insufficient_funds,0,0.8,17,18,199.0,none,nudge_sms,0.4962338423777596,1
evt_001451_e796b8b5,insufficient_funds,0,38.5,22,15,499.0,none,nudge_sms,0.5080039555459073,0
evt_001452_dec8ab7f,issuer_unavailable,0,2.1,4,3,1499.0,none,stop,0.0,0
evt_001453_47433457,insufficient_funds,1,5.8,11,6,499.0,none,stop,0.0,0
evt_001454_d05390ea,stolen_card,3,7.8,2,26,199.0,none,retry_later,0.01445007756366964,0
evt_001455_c552718d,insufficient_funds,1,5.5,18,2,999.0,recovered,retry_later,0.36003775393171233,1
evt_001456_ed652243,insufficient_funds,0,5.7,2,38,1499.0,none,escalate_human,0.9023086683373972,1
evt_001457_ab218805,insufficient_funds,2,9.2,20,25,499.0,none,nudge_sms,0.3699993941982668,0
evt_001458_8dc9cd60,insufficient_funds,2,7.5,21,16,1499.0,none,nudge_sms,0.3350561279834527,0
evt_001459_6a16c875,insufficient_funds,0,5.0,6,1,199.0,none,voice_call,0.5949401176326008,1
evt_001460_49f2f17f,expired_card,0,1.0,20,15,199.0,none,escalate_human,0.7697915921025681,1
evt_001461_b9e96998,insufficient_funds,3,1.1,20,20,499.0,none,stop,0.0,0
evt_001462_7296633d,stolen_card,0,11.0,5,34,499.0,none,nudge_sms,0.015067989810592807,0
evt_001463_370ccd23,stolen_card,0,9.2,10,3,499.0,none,stop,0.0,0
evt_001464_ca7894db,stolen_card,2,9.8,20,6,499.0,none,retry_later,0.014701429189225852,0
evt_001465_e640b297,insufficient_funds,0,6.8,8,5,1499.0,recovered,retry_later,0.4960617661796487,0
evt_001466_0fcaadc5,insufficient_funds,2,4.8,25,6,499.0,none,retry_later,0.3725865543885831,1
evt_001467_95ec0963,expired_card,0,6.4,10,1,199.0,none,escalate_human,0.7170666455707239,1
evt_001468_8b7642c5,insufficient_funds,1,13.4,12,29,999.0,none,voice_call,0.5904403718056429,0
evt_001469_ef5774c4,issuer_unavailable,0,8.6,20,14,999.0,churned,voice_call,0.8001344361044714,0
evt_001470_0af346bc,stolen_card,3,0.1,20,8,199.0,none,nudge_sms,0.014308354154379218,0
evt_001471_4c28f91b,insufficient_funds,0,0.3,28,53,2499.0,none,voice_call,0.8232878802180393,1
evt_001472_0eec874e,insufficient_funds,4,15.9,27,30,199.0,none,escalate_human,0.5535516180488275,1
evt_001473_8b66764a,do_not_honor,1,3.5,25,3,199.0,none,retry_later,0.024423090054107196,0
evt_001474_872c3689,insufficient_funds,0,13.5,26,12,999.0,none,stop,0.0,0
evt_001475_e040226d,insufficient_funds,0,24.3,19,12,499.0,none,retry_now,0.32646573945448587,0
evt_001476_a2d5836d,expired_card,0,1.0,27,9,199.0,recovered,nudge_whatsapp,0.6114890962769307,1
evt_001477_372f246c,insufficient_funds,1,23.9,12,11,2499.0,none,voice_call,0.5014465325865153,0
evt_001478_f66a68e6,insufficient_funds,2,25.0,21,18,199.0,none,stop,0.0,0
evt_001479_e16dda5f,insufficient_funds,0,0.3,20,76,499.0,churned,nudge_whatsapp,0.6428557475018228,1
evt_001480_6121eb64,insufficient_funds,0,22.3,13,4,199.0,recovered,retry_now,0.29021128685739633,0
evt_001481_93b1152d,expired_card,1,6.3,8,1,199.0,none,voice_call,0.5472075704576946,0
evt_001482_7b70b590,expired_card,1,5.2,16,2,199.0,none,stop,0.0,0
evt_001483_8d2c1c09,stolen_card,0,19.0,1,3,199.0,none,retry_later,0.015217121208656299,0
evt_001484_dffc3163,issuer_unavailable,0,3.9,6,5,2499.0,none,retry_now,0.7751765043796687,0
evt_001485_8ac39eb9,expired_card,0,16.7,1,2,499.0,recovered,retry_now,0.09449036895015932,0
evt_001486_378f140c,insufficient_funds,0,7.7,7,9,499.0,none,nudge_whatsapp,0.5590079971698443,1
evt_001487_efc6b94a,insufficient_funds,0,13.0,15,5,499.0,recovered,retry_later,0.45459214725290126,1
evt_001488_a8a5ed3f,insufficient_funds,0,9.5,11,14,499.0,none,escalate_human,0.696343002238938,1
evt_001489_e9ee03c4,insufficient_funds,1,15.3,22,11,499.0,none,nudge_sms,0.4017974164411639,0
evt_001490_3ea4b4aa,issuer_unavailable,2,2.4,6,4,199.0,none,nudge_sms,0.4055903954731292,1
evt_001491_8117d0e3,issuer_unavailable,2,14.0,25,10,999.0,churned,nudge_sms,0.4348168624182228,0
evt_001492_8fe2b3c8,insufficient_funds,1,19.8,21,24,199.0,none,stop,0.0,0
evt_001493_c1430e74,issuer_unavailable,3,18.6,7,11,199.0,none,escalate_human,0.667537180409321,0
evt_001494_d34ea8c5,expired_card,1,19.6,5,6,2499.0,recovered,escalate_human,0.6732055722444481,0
evt_001495_c72f2ddd,issuer_unavailable,3,17.6,14,5,499.0,recovered,nudge_whatsapp,0.3664735841878037,0
evt_001496_a615f594,stolen_card,0,3.0,23,11,199.0,recovered,escalate_human,0.016463644763656287,0
evt_001497_869133e1,issuer_unavailable,1,21.3,19,12,1499.0,none,retry_later,0.8014071397411484,1
evt_001498_0cabcc2a,insufficient_funds,0,5.2,6,2,999.0,none,retry_now,0.3327942237839046,0
evt_001499_78e17191,expired_card,3,0.5,7,6,499.0,recovered,stop,0.0,0
evt_001500_1e830b83,insufficient_funds,0,24.4,7,3,1499.0,none,nudge_whatsapp,0.5292508210982304,1
evt_001501_ec7122e9,issuer_unavailable,0,0.7,13,15,199.0,none,retry_now,0.8027645282329968,0
evt_001502_e29da464,insufficient_funds,0,3.5,10,8,999.0,none,retry_now,0.31641462384864616,0
evt_001503_2555f3aa,insufficient_funds,1,86.2,22,21,999.0,recovered,nudge_whatsapp,0.5005046391594816,0
evt_001504_ebd2d9cd,issuer_unavailable,1,5.9,17,22,499.0,recovered,retry_now,0.7672101692152766,1
evt_001505_3c77cae4,insufficient_funds,0,21.6,15,25,499.0,none,retry_later,0.5542522672637754,1
evt_001506_07931a30,expired_card,0,1.0,17,8,199.0,none,escalate_human,0.7431918180261369,1
evt_001507_f91f00a8,insufficient_funds,2,25.7,12,9,1499.0,none,nudge_whatsapp,0.33817602297107446,0
evt_001508_a476c388,expired_card,4,11.2,27,67,499.0,recovered,escalate_human,0.5728713433210607,1
evt_001509_e1fb7119,insufficient_funds,1,39.7,26,36,499.0,none,retry_now,0.43512674879606483,0
evt_001510_404fc8ce,insufficient_funds,1,2.8,29,56,999.0,none,stop,0.0,0
evt_001511_4c3b3251,insufficient_funds,0,8.9,18,6,999.0,none,nudge_whatsapp,0.4887018519783651,0
evt_001512_1c80e827,insufficient_funds,1,1.4,4,11,499.0,none,retry_later,0.5668402543787454,1
evt_001513_073c3970,insufficient_funds,0,0.6,9,23,199.0,recovered,nudge_whatsapp,0.596768531290762,1
evt_001514_82237faf,issuer_unavailable,0,23.3,16,27,999.0,none,retry_later,0.8851246355030148,1
evt_001515_a7667324,issuer_unavailable,0,2.6,9,11,199.0,none,voice_call,0.7914844625677858,1
evt_001516_43e73566,expired_card,0,7.9,29,15,199.0,churned,retry_later,0.16020632271669838,1
evt_001517_ebb22808,insufficient_funds,1,29.4,15,3,199.0,none,retry_now,0.21808945607998784,1
evt_001518_c522d173,insufficient_funds,1,3.0,27,9,199.0,none,nudge_whatsapp,0.5815089692141236,0
evt_001519_a82bf5b9,do_not_honor,0,28.5,16,2,499.0,none,retry_now,0.02389268941058276,0
evt_001520_e053e0f7,insufficient_funds,3,4.4,9,37,2499.0,none,retry_now,0.2257051630111698,1
evt_001521_6957c97f,insufficient_funds,0,10.0,16,8,199.0,none,nudge_sms,0.44469392019442994,1
evt_001522_2c565272,insufficient_funds,0,14.5,31,26,199.0,none,escalate_human,0.9183397445384054,1
evt_001523_c912a1ef,issuer_unavailable,2,2.1,6,18,1499.0,none,retry_later,0.7681287533778725,1
evt_001524_6d6c0840,insufficient_funds,3,2.0,5,1,999.0,none,nudge_sms,0.2830940597983163,1
evt_001525_658b6a34,insufficient_funds,1,2.0,15,30,499.0,recovered,retry_now,0.3236966267452597,1
evt_001526_0fc9a6ee,insufficient_funds,0,60.7,27,10,999.0,recovered,retry_later,0.6454208378359672,1
evt_001527_471678fc,issuer_unavailable,1,12.9,4,13,499.0,none,voice_call,0.7471700903233289,1
evt_001528_7d6874b5,stolen_card,0,32.8,25,32,999.0,none,nudge_whatsapp,0.01536770556527555,0
evt_001529_05ae6fee,insufficient_funds,0,6.6,21,6,499.0,recovered,retry_later,0.4786618258461974,0
evt_001530_80a66eef,issuer_unavailable,3,5.3,20,2,1499.0,none,stop,0.0,0
evt_001531_a27a8cde,insufficient_funds,0,20.6,16,20,499.0,recovered,nudge_whatsapp,0.5542522672637755,0
evt_001532_18c10cad,insufficient_funds,0,14.5,9,26,999.0,none,retry_later,0.5871069880742175,0
evt_001533_9b99162e,issuer_unavailable,0,8.3,24,4,999.0,none,nudge_whatsapp,0.6241186728031638,1
evt_001534_8bb1e353,issuer_unavailable,3,6.6,8,17,499.0,churned,escalate_human,0.6919804382311823,1
evt_001535_d860510a,issuer_unavailable,2,7.8,28,6,499.0,none,nudge_whatsapp,0.48068047909749984,0
evt_001536_b2db853a,insufficient_funds,0,7.2,12,22,199.0,none,stop,0.0,0
evt_001537_ab7c68d0,issuer_unavailable,0,7.0,17,3,999.0,none,retry_later,0.8267296643437054,1
evt_001538_551f8ee5,do_not_honor,0,22.2,22,2,499.0,none,nudge_whatsapp,0.025086962153479813,0
evt_001539_63d5b51e,do_not_honor,0,23.7,8,16,499.0,none,nudge_sms,0.024602428402739435,0
evt_001540_eb3a2743,issuer_unavailable,0,2.9,25,20,499.0,recovered,voice_call,0.8231410604278478,1
evt_001541_66542510,issuer_unavailable,4,6.1,26,2,999.0,none,retry_later,0.5480312888946332,1
evt_001542_65d5e6fe,do_not_honor,0,10.0,7,3,199.0,none,nudge_whatsapp,0.025086962153479813,0
evt_001543_5e0a648a,insufficient_funds,0,0.1,10,2,199.0,none,nudge_sms,0.434035612334365,1
evt_001544_d66a330f,issuer_unavailable,0,18.2,29,13,499.0,none,stop,0.0,0
evt_001545_b8825f12,stolen_card,2,33.6,2,6,199.0,recovered,voice_call,0.015292230913827184,0
evt_001546_0828e48c,insufficient_funds,0,2.1,12,21,499.0,none,retry_later,0.5420422235910448,0
evt_001547_4df43ff3,issuer_unavailable,3,11.8,1,17,999.0,none,retry_now,0.6433651456944018,1
evt_001548_024d5da5,insufficient_funds,1,1.6,21,1,1499.0,none,escalate_human,0.5596401848451408,0
evt_001549_c81d6ea8,stolen_card,0,5.9,30,10,499.0,recovered,retry_later,0.015217121208656299,0
evt_001550_10ccd689,do_not_honor,2,6.6,5,14,499.0,recovered,nudge_whatsapp,0.024245026490228132,0
evt_001551_63dfb703,insufficient_funds,0,4.3,7,1,199.0,none,nudge_sms,0.46932283992882873,1
evt_001552_25b22f97,expired_card,2,13.2,12,45,199.0,none,nudge_sms,0.5062777467535817,1
evt_001553_18f9d964,insufficient_funds,0,42.8,19,4,499.0,none,nudge_whatsapp,0.4821493181628515,1
evt_001554_2cfcd2f9,stolen_card,3,3.7,12,18,499.0,none,escalate_human,0.01563476563944474,0
evt_001555_1fd4125c,expired_card,0,9.9,6,4,199.0,none,retry_now,0.08453821971648467,0
evt_001556_a48eaa45,expired_card,0,8.8,26,32,499.0,none,nudge_whatsapp,0.7094510480067081,1
evt_001557_f6c341ab,issuer_unavailable,0,9.2,12,5,999.0,churned,escalate_human,0.8327316881958777,1
evt_001558_784eb729,insufficient_funds,2,0.5,13,1,199.0,recovered,retry_now,0.16052080873382576,0
evt_001559_2738fabd,issuer_unavailable,0,5.9,3,14,2499.0,none,nudge_whatsapp,0.686258164840712,0
evt_001560_24614c09,insufficient_funds,0,7.2,15,9,199.0,churned,voice_call,0.572770797124407,0
evt_001561_76a00dfe,insufficient_funds,0,24.0,1,5,199.0,none,retry_later,0.8455347349164652,1
evt_001562_cb7988a4,stolen_card,0,2.7,9,5,499.0,recovered,nudge_whatsapp,0.01536770556527555,0
evt_001563_d5b3801e,insufficient_funds,2,0.0,17,13,499.0,none,nudge_whatsapp,0.3509046897935085,0
evt_001564_8f820f66,issuer_unavailable,3,24.4,28,7,499.0,none,retry_later,0.6665636016460136,1
evt_001565_d41d71a2,stolen_card,1,5.1,19,13,999.0,none,nudge_whatsapp,0.01510513718986263,0
evt_001566_d3ab450c,insufficient_funds,1,5.8,19,2,999.0,none,escalate_human,0.5562079520327995,0
evt_001567_8d2b4607,expired_card,1,15.2,21,16,199.0,none,retry_now,0.0744650100643992,0
evt_001568_554a0dde,stolen_card,0,10.8,10,35,2499.0,none,nudge_whatsapp,0.01536770556527555,0
evt_001569_e1655912,expired_card,0,8.0,1,10,199.0,none,retry_later,0.15446526508353475,0
evt_001570_2c61634d,do_not_honor,0,0.8,2,4,499.0,none,retry_now,0.02389268941058276,0
evt_001571_82b54a09,insufficient_funds,0,23.1,22,12,1499.0,none,nudge_sms,0.49300509571972423,1
evt_001572_ddbf802b,issuer_unavailable,4,7.9,30,8,499.0,none,nudge_whatsapp,0.34524653939368083,0
evt_001573_ff4f956a,stolen_card,1,8.3,7,6,2499.0,recovered,stop,0.0,0
evt_001574_97353039,expired_card,0,0.7,17,4,499.0,none,escalate_human,0.7276287127018973,1
evt_001575_8397db49,expired_card,2,38.5,3,14,199.0,churned,stop,0.0,0
evt_001576_e427b97e,insufficient_funds,0,6.9,6,16,199.0,recovered,nudge_whatsapp,0.6174795052961776,1
evt_001577_2cce14c6,insufficient_funds,0,3.7,20,4,199.0,recovered,retry_now,0.2952425645326248,1
evt_001578_38378699,issuer_unavailable,3,0.7,21,1,499.0,none,stop,0.0,0
evt_001579_737a15ad,issuer_unavailable,0,20.4,15,4,1499.0,recovered,nudge_sms,0.5700072452315257,1
evt_001580_dc6b1253,insufficient_funds,0,2.3,4,9,999.0,recovered,nudge_sms,0.6175048473903268,1
evt_001581_c87c4992,expired_card,1,9.5,23,11,999.0,none,escalate_human,0.6877012803499902,1
evt_001582_482bdb51,insufficient_funds,0,4.4,3,1,499.0,churned,nudge_whatsapp,0.6890094640517656,1
evt_001583_6101a3ce,insufficient_funds,0,36.9,18,1,499.0,none,voice_call,0.5363462495870313,0
evt_001584_5e51726b,do_not_honor,0,5.7,30,36,1499.0,none,nudge_sms,0.024602428402739435,0
evt_001585_7369e996,insufficient_funds,1,11.9,19,7,499.0,churned,retry_later,0.38664591092228195,1
evt_001586_2ec56a75,expired_card,0,2.1,27,20,199.0,none,retry_now,0.11645635615938733,0
evt_001587_9c2320c7,insufficient_funds,0,6.7,4,1,499.0,none,voice_call,0.6536293985449113,1
evt_001588_789f46cd,insufficient_funds,2,1.1,4,15,499.0,none,stop,0.0,0
evt_001589_4c956867,do_not_honor,0,7.5,9,5,999.0,churned,nudge_whatsapp,0.025086962153479813,0
evt_001590_6c4c4b77,insufficient_funds,4,22.5,15,3,2499.0,churned,escalate_human,0.3043147057486527,0
evt_001591_6f8bad50,expired_card,2,8.0,21,4,499.0,none,nudge_sms,0.3520494834637688,1
evt_001592_3512902d,insufficient_funds,2,9.2,4,14,1499.0,none,retry_later,0.494742928287492,0
evt_001593_e285c90d,insufficient_funds,1,7.9,9,4,499.0,none,nudge_whatsapp,0.41629989194824385,1
evt_001594_f7f761af,issuer_unavailable,0,26.4,19,14,499.0,none,retry_later,0.8563269850014574,1
evt_001595_13a6e17a,expired_card,0,3.4,21,5,199.0,none,voice_call,0.6479310875026615,1
evt_001596_49d51226,issuer_unavailable,1,10.6,19,6,499.0,none,escalate_human,0.7816166343618765,1
evt_001597_439b0260,insufficient_funds,2,2.5,30,4,2499.0,none,retry_later,0.7271082163411295,0
evt_001598_854f2b5c,insufficient_funds,1,29.4,26,1,499.0,none,stop,0.0,0
evt_001599_b4fb136a,do_not_honor,0,9.7,29,4,999.0,none,retry_later,0.024843544141003683,0
evt_001600_6ca931ba,do_not_honor,0,4.7,9,8,499.0,none,retry_now,0.02389268941058276,0
evt_001601_d9b45fe5,insufficient_funds,0,16.5,18,24,499.0,none,voice_call,0.6469460194825455,1
evt_001602_d577da59,expired_card,0,18.1,4,5,999.0,none,nudge_sms,0.5432853493826167,0
evt_001603_33f1ff6f,issuer_unavailable,0,2.1,3,5,1499.0,none,stop,0.0,0
evt_001604_da7a9ea3,insufficient_funds,0,2.2,31,15,2499.0,none,retry_now,0.6681877721681662,1
evt_001605_535b4e30,insufficient_funds,2,0.8,10,21,199.0,none,stop,0.0,0
evt_001606_2aa5ef88,do_not_honor,1,1.4,31,2,999.0,none,nudge_sms,0.024185953768396405,0
evt_001607_ab1e59fc,insufficient_funds,0,3.5,31,5,199.0,churned,stop,0.0,0
evt_001608_2f64f43b,issuer_unavailable,2,10.2,22,8,499.0,none,nudge_sms,0.41918904888022207,1
evt_001609_46971744,issuer_unavailable,1,9.0,14,19,999.0,none,nudge_whatsapp,0.6065002589963105,1
evt_001610_9717c7de,issuer_unavailable,0,12.6,21,12,499.0,recovered,nudge_whatsapp,0.6570008658779972,1
evt_001611_57e728c0,issuer_unavailable,0,11.8,7,4,999.0,none,retry_later,0.8330037875265612,0
evt_001612_ec59e209,insufficient_funds,3,16.4,13,44,999.0,recovered,retry_later,0.35544255878702374,0
evt_001613_2136c562,stolen_card,0,5.6,11,14,999.0,churned,voice_call,0.015828313967089842,0
evt_001614_4c1724d8,expired_card,0,4.3,20,16,199.0,recovered,retry_later,0.14518637493655406,0
evt_001615_f16392cd,expired_card,0,0.1,6,10,199.0,none,retry_later,0.13444393484637235,0
evt_001616_0cac1f60,insufficient_funds,0,13.1,13,2,499.0,recovered,nudge_whatsapp,0.46874075049400205,0
evt_001617_440afe63,insufficient_funds,0,7.2,19,3,499.0,none,stop,0.0,0
evt_001618_eff493c2,issuer_unavailable,3,3.9,19,36,499.0,none,nudge_whatsapp,0.5187692530340017,0
evt_001619_ed4dee93,expired_card,2,9.5,18,3,499.0,churned,retry_later,0.06086294624357349,0
evt_001620_9d01afd2,issuer_unavailable,0,14.8,11,4,199.0,recovered,retry_later,0.8302126073689248,1
evt_001621_53524cc1,issuer_unavailable,0,8.0,4,1,999.0,none,nudge_sms,0.5728713433210606,1
evt_001622_fa6260f3,insufficient_funds,0,1.7,6,5,199.0,recovered,retry_later,0.5396325935676815,1
evt_001623_4e3a903c,issuer_unavailable,0,4.6,12,7,1499.0,none,retry_now,0.7764526314451277,1
evt_001624_d6867849,stolen_card,0,27.5,19,3,499.0,none,retry_later,0.015217121208656299,0
evt_001625_9d006aa8,issuer_unavailable,0,46.4,21,9,2499.0,none,escalate_human,0.8442185592779582,1
evt_001626_c60db57b,do_not_honor,1,24.4,1,9,999.0,recovered,retry_now,0.023487940058211195,0
evt_001627_ced2c67b,insufficient_funds,3,17.6,31,31,499.0,recovered,nudge_whatsapp,0.7807427479121283,1
evt_001628_c5fad731,do_not_honor,0,2.5,28,8,499.0,none,nudge_whatsapp,0.025086962153479813,0
evt_001629_e3fce855,insufficient_funds,2,1.0,2,15,499.0,none,nudge_sms,0.6367786063254949,1
evt_001630_4b2766dc,issuer_unavailable,1,4.8,21,13,499.0,churned,stop,0.0,0
evt_001631_652ec876,issuer_unavailable,1,12.5,24,5,999.0,none,nudge_sms,0.4942670154171805,1
evt_001632_3b6bed2c,stolen_card,1,0.2,13,24,999.0,none,voice_call,0.015558000113418654,0
evt_001633_3c72ea70,issuer_unavailable,0,13.6,21,12,199.0,none,retry_later,0.8519474305074459,1
evt_001634_c4a1e7a6,insufficient_funds,1,5.7,13,15,199.0,none,voice_call,0.5189014621017247,1
evt_001635_97fb45bc,insufficient_funds,0,10.3,12,2,999.0,none,stop,0.0,0
evt_001636_5c9d3629,issuer_unavailable,3,29.1,21,28,499.0,recovered,retry_later,0.734964304083376,0
evt_001637_ff1d9f07,insufficient_funds,2,0.1,25,5,999.0,none,voice_call,0.4413773169493049,0
evt_001638_f7afceba,insufficient_funds,0,8.2,8,2,999.0,recovered,escalate_human,0.6627918860548038,1
evt_001639_5f377228,issuer_unavailable,0,19.0,2,44,999.0,none,escalate_human,0.9139860850436979,1
evt_001640_f42374b7,do_not_honor,0,3.6,7,16,499.0,none,nudge_whatsapp,0.025086962153479813,0
evt_001641_2f8344be,do_not_honor,0,14.1,7,4,999.0,none,stop,0.0,0
evt_001642_d564d762,insufficient_funds,0,5.4,14,32,199.0,churned,retry_later,0.5902345517311949,1
evt_001643_5bdf8bf3,do_not_honor,2,2.8,4,2,499.0,recovered,retry_later,0.024009576565228712,0
evt_001644_32e1508e,insufficient_funds,0,2.6,22,11,499.0,churned,nudge_whatsapp,0.5379316186077514,0
evt_001645_e65f8594,insufficient_funds,3,22.8,14,2,199.0,recovered,stop,0.0,0
evt_001646_77d11266,insufficient_funds,0,14.9,13,28,999.0,none,nudge_whatsapp,0.5974375967727831,1
evt_001647_8244d1fb,stolen_card,0,4.2,31,9,999.0,none,nudge_whatsapp,0.01536770556527555,0
evt_001648_5debcba4,stolen_card,1,3.2,4,14,499.0,churned,voice_call,0.015558000113418654,0
evt_001649_c1668c39,insufficient_funds,4,29.9,1,13,499.0,recovered,nudge_whatsapp,0.6364525402815663,1
evt_001650_97f2032f,issuer_unavailable,1,16.6,27,13,499.0,recovered,nudge_whatsapp,0.5947352733635582,0
evt_001651_53b93498,do_not_honor,2,11.0,18,10,199.0,recovered,voice_call,0.02496496406763323,0
evt_001652_b5854df0,stolen_card,0,9.9,1,29,1499.0,recovered,escalate_human,0.016463644763656287,0
evt_001653_f957c2b1,insufficient_funds,0,20.8,30,9,199.0,recovered,retry_later,0.8556968659094812,1
evt_001654_9d135b0f,stolen_card,0,9.8,27,12,999.0,recovered,retry_now,0.014629178170484324,0
evt_001655_4b9538f2,insufficient_funds,0,7.4,5,38,2499.0,churned,retry_later,0.7152121230242848,1
evt_001656_2770e95e,do_not_honor,1,16.4,9,7,199.0,churned,escalate_human,0.026403509502070335,0
evt_001657_d6987223,expired_card,0,8.4,27,9,199.0,none,nudge_sms,0.5630564522735937,1
evt_001658_0ab3cdb7,issuer_unavailable,1,4.1,8,9,199.0,none,escalate_human,0.7940306013234287,0
evt_001659_d52aa385,stolen_card,3,14.0,6,7,999.0,churned,stop,0.0,0
evt_001660_b6860453,insufficient_funds,0,3.4,25,8,999.0,recovered,retry_now,0.35995161485984095,1
evt_001661_3ff814f7,insufficient_funds,1,21.0,9,18,999.0,recovered,nudge_whatsapp,0.48550869889897547,0
evt_001662_59926c0a,insufficient_funds,0,11.0,22,18,1499.0,none,retry_later,0.547857682393631,1
evt_001663_d864a85e,issuer_unavailable,2,15.7,17,42,499.0,churned,stop,0.0,0
evt_001664_bb8efd7f,insufficient_funds,0,4.0,30,11,2499.0,recovered,retry_now,0.650218548573827,1
evt_001665_6590f6f9,issuer_unavailable,0,5.8,29,6,199.0,recovered,retry_now,0.7962965265056833,1
evt_001666_904d85f8,issuer_unavailable,3,16.9,14,23,999.0,recovered,retry_now,0.625421574292729,1
evt_001667_b0b42cf1,issuer_unavailable,0,1.3,31,3,499.0,none,retry_later,0.8532096601986177,1
evt_001668_421b313b,insufficient_funds,0,4.2,4,35,199.0,none,nudge_sms,0.7308562047038347,1
evt_001669_7f3b49ce,issuer_unavailable,1,42.9,31,1,499.0,recovered,voice_call,0.725119497789823,1
evt_001670_c6324e96,issuer_unavailable,0,0.5,29,6,2499.0,recovered,retry_later,0.8536232627894514,1
evt_001671_5217de00,insufficient_funds,0,10.7,27,4,499.0,none,stop,0.0,0
evt_001672_1ca864f3,insufficient_funds,2,0.5,13,7,499.0,none,retry_now,0.17735693751606785,0
evt_001673_481436c3,issuer_unavailable,1,11.1,26,19,1499.0,none,nudge_sms,0.5702128013733925,0
evt_001674_1ccec620,do_not_honor,1,5.1,30,13,499.0,churned,retry_now,0.023487940058211195,0
evt_001675_40496fcf,issuer_unavailable,0,38.1,2,27,999.0,none,escalate_human,0.898740359133293,0
evt_001676_c7dda181,do_not_honor,0,10.6,21,30,199.0,none,escalate_human,0.026857118784809644,0
evt_001677_c7c2f6ab,do_not_honor,1,7.7,5,47,999.0,recovered,nudge_whatsapp,0.024662492629723677,0
evt_001678_a4845c38,issuer_unavailable,2,38.4,12,13,999.0,none,escalate_human,0.7436663009903217,1
evt_001679_9db89c1f,insufficient_funds,0,24.6,23,7,199.0,none,escalate_human,0.6847657412110323,0
evt_001680_68932da1,insufficient_funds,3,1.3,18,15,499.0,recovered,stop,0.0,0
evt_001681_d5f38072,insufficient_funds,2,8.3,15,13,999.0,none,stop,0.0,0
evt_001682_3be665eb,stolen_card,1,18.4,10,13,1499.0,recovered,retry_later,0.01495708659314999,0
evt_001683_e1db4978,expired_card,3,0.3,30,17,499.0,none,retry_later,0.06849760372432612,0
evt_001684_9f63c14d,insufficient_funds,2,12.5,11,10,199.0,none,nudge_whatsapp,0.34700746319498554,1
evt_001685_515cb152,stolen_card,0,28.8,24,13,999.0,none,retry_now,0.014629178170484324,0
evt_001686_9a874654,expired_card,0,6.7,7,22,1499.0,none,nudge_sms,0.6146893335293688,1
evt_001687_a291840a,insufficient_funds,0,5.3,30,12,499.0,none,retry_later,0.8629487074245404,1
evt_001688_49233532,insufficient_funds,1,5.4,1,30,199.0,churned,escalate_human,0.8956687768809987,1
evt_001689_f335c4fd,issuer_unavailable,0,22.0,31,9,199.0,none,nudge_whatsapp,0.6856801139382539,0
evt_001690_ebca2e70,do_not_honor,2,30.9,20,21,1499.0,recovered,nudge_whatsapp,0.024245026490228132,1
evt_001691_e1e69abd,insufficient_funds,1,4.0,19,18,499.0,none,retry_later,0.43993321927202367,0
evt_001692_b2cafe7c,expired_card,1,5.7,24,8,199.0,none,retry_later,0.0942397189165387,0
evt_001693_5f52d7f4,insufficient_funds,1,5.2,13,13,199.0,none,nudge_sms,0.38812506518594225,0
evt_001694_1eda8a2b,stolen_card,1,7.7,18,8,1499.0,none,escalate_human,0.01618265922190452,1
evt_001695_445a3f1c,insufficient_funds,0,0.9,22,36,499.0,churned,retry_later,0.6346037848107926,1
evt_001696_4973e3f1,expired_card,1,19.6,20,15,999.0,recovered,nudge_sms,0.4892853402328664,0
evt_001697_561aaebe,issuer_unavailable,0,4.7,25,4,199.0,none,stop,0.0,0
evt_001698_dc11d1bf,insufficient_funds,0,1.0,3,8,999.0,none,stop,0.0,0
evt_001699_6d72b2e2,issuer_unavailable,0,1.3,5,36,499.0,none,nudge_sms,0.7256612054336483,0
evt_001700_e4787e5d,do_not_honor,0,12.2,31,60,199.0,churned,voice_call,0.025831238524664044,0
evt_001701_c6b62a6f,stolen_card,0,4.2,20,6,2499.0,none,retry_later,0.015217121208656299,0
evt_001702_81b97dd3,do_not_honor,3,31.9,25,32,499.0,none,escalate_human,0.025518546137680318,0
evt_001703_ecf200d7,insufficient_funds,0,9.3,6,26,499.0,none,voice_call,0.7077385244568315,1
evt_001704_c13dc7ed,insufficient_funds,0,11.6,22,6,499.0,none,escalate_human,0.6720070752204,0
evt_001705_0d4340ac,insufficient_funds,0,8.7,21,5,999.0,none,escalate_human,0.6614364054530367,1
evt_001706_68b6b573,insufficient_funds,0,10.4,23,29,1499.0,recovered,escalate_human,0.7713166607511764,1
evt_001707_50053479,insufficient_funds,1,5.8,5,1,999.0,none,retry_now,0.2766852262070091,0
evt_001708_cb54d7ec,expired_card,0,5.4,27,12,499.0,none,retry_later,0.14351169762561744,0
evt_001709_f12ab17f,insufficient_funds,0,1.4,26,10,499.0,none,nudge_sms,0.5746465198459014,0
evt_001710_20c1ea1d,insufficient_funds,2,10.4,28,5,499.0,recovered,retry_later,0.5188641732900412,0
evt_001711_36bd2f88,insufficient_funds,0,11.4,27,5,999.0,none,nudge_sms,0.5984403918734763,0
evt_001712_cad5d841,do_not_honor,0,5.6,25,14,199.0,none,retry_now,0.02389268941058276,0
evt_001713_4457c677,insufficient_funds,1,13.3,31,4,999.0,none,voice_call,0.7738185742694538,1
evt_001714_a4db8d2f,insufficient_funds,3,6.8,7,1,199.0,none,retry_now,0.13698855112364983,0
evt_001715_67207902,issuer_unavailable,2,0.8,22,35,999.0,recovered,nudge_whatsapp,0.6020218629842482,1
evt_001716_3b9402cb,expired_card,0,39.4,16,16,199.0,recovered,retry_now,0.10173266460668537,0
evt_001717_b47c0eed,do_not_honor,0,22.5,8,8,499.0,churned,stop,0.0,0
evt_001718_3d797aff,stolen_card,0,25.9,4,15,999.0,recovered,nudge_whatsapp,0.01536770556527555,0
evt_001719_112fd4b6,stolen_card,3,11.3,5,12,499.0,none,voice_call,0.015030932391980651,0
evt_001720_61719360,insufficient_funds,1,7.8,2,1,199.0,recovered,retry_now,0.4190057626340779,1
evt_001721_f6de3b99,stolen_card,2,2.8,20,12,199.0,none,retry_later,0.014701429189225852,0
evt_001722_ee07c3d2,issuer_unavailable,0,12.7,29,37,2499.0,none,voice_call,0.8768903206080029,1
evt_001723_e148fb17,issuer_unavailable,1,0.1,9,1,499.0,none,retry_now,0.6865193316340984,1
evt_001724_c9bd356c,issuer_unavailable,1,0.4,26,9,199.0,none,nudge_whatsapp,0.5702128013733925,0
evt_001725_844c9acc,stolen_card,2,43.2,3,18,199.0,none,nudge_whatsapp,0.014846987339556741,0
evt_001726_14932bb2,insufficient_funds,0,5.3,31,16,199.0,none,stop,0.0,0
evt_001727_13276421,insufficient_funds,0,22.3,11,16,999.0,recovered,nudge_sms,0.49694518485041755,0
evt_001728_53a35f3a,insufficient_funds,1,12.0,23,26,2499.0,recovered,retry_later,0.5135583600399944,1
evt_001729_ea5bdee5,expired_card,0,4.0,19,8,999.0,recovered,nudge_whatsapp,0.5902774135654585,1
evt_001730_32b5a5f0,do_not_honor,2,5.2,29,6,999.0,churned,escalate_human,0.02595735719779684,0
evt_001731_02fb50d2,insufficient_funds,0,11.8,12,11,999.0,none,retry_now,0.3220833781205552,0
evt_001732_2e56cc4d,issuer_unavailable,4,52.8,19,25,199.0,recovered,escalate_human,0.6468250485802605,0
evt_001733_8d38298f,issuer_unavailable,0,0.2,27,9,199.0,none,escalate_human,0.8524032585812423,1
evt_001734_98284b04,insufficient_funds,2,15.1,18,21,999.0,recovered,retry_later,0.3669786945483962,1
evt_001735_25231ed2,insufficient_funds,2,41.0,31,10,199.0,none,voice_call,0.7310585786300049,1
evt_001736_dc5ed7ef,insufficient_funds,4,11.8,3,14,499.0,none,nudge_sms,0.3671396533611026,1
evt_001737_791b8055,issuer_unavailable,0,2.6,9,6,199.0,none,retry_now,0.7744998584167203,1
evt_001738_a53b1056,issuer_unavailable,0,20.9,7,2,499.0,recovered,stop,0.0,0
evt_001739_20ac29e4,issuer_unavailable,2,24.4,18,25,499.0,churned,stop,0.0,0
evt_001740_d67cc5e8,issuer_unavailable,2,18.6,7,19,199.0,recovered,nudge_sms,0.4767834709484306,1
evt_001741_34402dd0,expired_card,0,34.2,29,12,2499.0,none,nudge_whatsapp,0.6418278218490907,1
evt_001742_17b9890b,insufficient_funds,0,6.0,1,5,499.0,none,stop,0.0,0
evt_001743_2de990ae,issuer_unavailable,3,1.7,6,1,499.0,recovered,voice_call,0.5269177299959364,1
evt_001744_c3a4cc1e,do_not_honor,0,43.8,11,15,199.0,recovered,stop,0.0,0
evt_001745_883675be,insufficient_funds,3,5.5,12,5,199.0,recovered,escalate_human,0.39790214983990635,1
evt_001746_4538ea76,expired_card,1,4.6,9,66,499.0,none,escalate_human,0.7831123492335256,1
evt_001747_c5ea58bf,stolen_card,2,4.2,12,9,1499.0,none,nudge_whatsapp,0.014846987339556741,0
evt_001748_a6a84489,do_not_honor,3,27.0,12,13,1499.0,none,retry_now,0.02269841923472085,0
evt_001749_6c3cd952,issuer_unavailable,1,5.6,21,12,199.0,none,retry_later,0.8021771306647723,1
evt_001750_c4a02abf,insufficient_funds,1,3.3,10,6,999.0,none,retry_later,0.39283651130897457,0
evt_001751_c4303614,do_not_honor,0,5.1,27,12,999.0,none,voice_call,0.025831238524664044,0
evt_001752_792e4626,do_not_honor,0,5.4,27,21,999.0,recovered,stop,0.0,0
evt_001753_d80709da,insufficient_funds,1,14.4,15,33,499.0,none,retry_now,0.33696806070315993,1
evt_001754_a44b53f3,insufficient_funds,1,27.5,9,14,199.0,none,nudge_sms,0.41629989194824385,1
evt_001755_01b121e1,insufficient_funds,2,0.2,7,9,999.0,churned,retry_now,0.20907161072234848,0
evt_001756_35fa57b3,insufficient_funds,1,4.7,12,25,499.0,recovered,escalate_human,0.6650288794115555,1
evt_001757_d924533d,insufficient_funds,2,14.1,24,30,199.0,recovered,nudge_whatsapp,0.4892858998458071,0
evt_001758_0759287e,insufficient_funds,1,1.5,19,1,499.0,none,retry_later,0.3586029070930249,0
evt_001759_9da48835,insufficient_funds,0,36.7,29,3,499.0,recovered,retry_later,0.7542500687819317,1
evt_001760_cef14dc1,do_not_honor,1,15.2,9,11,199.0,none,voice_call,0.02539450392504494,0
evt_001761_3ce1d6cd,insufficient_funds,0,2.8,22,4,199.0,none,retry_now,0.30518591279773827,0
evt_001762_b4d8e773,stolen_card,2,7.3,18,5,999.0,churned,voice_call,0.015292230913827184,0
evt_001763_7d52f4e5,expired_card,0,20.1,18,2,999.0,none,retry_now,0.07897637922325493,0
evt_001764_45aaea86,do_not_honor,0,9.9,26,18,499.0,recovered,retry_later,0.024843544141003683,0
evt_001765_0fa898f8,insufficient_funds,1,1.4,8,4,499.0,none,retry_now,0.24337961200387184,0
evt_001766_4e91d6dd,insufficient_funds,1,5.7,4,9,499.0,none,voice_call,0.6094572140488669,1
evt_001767_07e6812e,expired_card,0,14.0,20,6,999.0,none,nudge_whatsapp,0.581062066348821,1
evt_001768_05c45c18,expired_card,0,31.3,4,19,499.0,none,retry_later,0.161592826948642,0
evt_001769_330db47f,insufficient_funds,3,2.2,3,1,999.0,none,nudge_whatsapp,0.4367143688971537,1
evt_001770_2cbd88f8,issuer_unavailable,0,40.2,29,21,199.0,none,nudge_sms,0.6820711282732317,1
evt_001771_cffefeec,expired_card,1,14.7,2,18,499.0,none,nudge_sms,0.5382516763686933,1
evt_001772_7a1ccf10,insufficient_funds,0,3.5,28,3,2499.0,none,retry_now,0.4449204256276563,1
evt_001773_bac9fab7,insufficient_funds,2,4.1,16,10,999.0,none,voice_call,0.40447943864058755,1
evt_001774_dde4994a,issuer_unavailable,2,15.7,12,1,999.0,churned,escalate_human,0.6953204620221026,0
evt_001775_a45ae513,do_not_honor,2,6.7,28,6,1499.0,none,nudge_whatsapp,0.024245026490228132,0
evt_001776_854cce17,expired_card,2,7.0,11,4,499.0,recovered,retry_later,0.062218464696043946,0
evt_001777_58f95cf0,insufficient_funds,2,2.7,27,11,2499.0,none,retry_later,0.47975381089301183,0
evt_001778_caa8523e,insufficient_funds,2,34.4,5,13,1499.0,none,nudge_sms,0.416012216487443,0
evt_001779_dd44b40d,insufficient_funds,2,21.7,30,6,999.0,recovered,escalate_human,0.7891817065222528,1
evt_001780_ac3f4fde,expired_card,1,34.6,15,8,199.0,none,stop,0.0,0
evt_001781_d89729a1,insufficient_funds,2,0.1,21,7,499.0,recovered,nudge_sms,0.29621141423231667,0
evt_001782_0fe93cee,issuer_unavailable,2,1.9,16,9,999.0,churned,nudge_whatsapp,0.4705044640403435,1
evt_001783_d928818e,issuer_unavailable,1,34.5,23,15,999.0,recovered,stop,0.0,0
evt_001784_ea626846,insufficient_funds,4,2.5,4,2,499.0,none,escalate_human,0.41460300760113306,1
evt_001785_d4065b1d,insufficient_funds,0,0.6,28,5,499.0,none,stop,0.0,0
evt_001786_79fa720f,issuer_unavailable,1,3.3,20,5,499.0,none,stop,0.0,0
evt_001787_53402373,expired_card,0,3.2,26,43,199.0,none,retry_later,0.20960954620738928,0
evt_001788_22d04f38,insufficient_funds,2,0.7,20,25,999.0,none,voice_call,0.4874885100075514,0
evt_001789_d443be71,issuer_unavailable,0,50.6,17,14,999.0,none,retry_now,0.7994122151166628,1
evt_001790_e29fc41a,do_not_honor,0,13.8,15,1,499.0,none,escalate_human,0.026857118784809644,0
evt_001791_ec850876,insufficient_funds,0,8.3,7,21,499.0,none,retry_later,0.5931824061913685,0
evt_001792_baf88e15,insufficient_funds,0,7.8,6,2,999.0,none,voice_call,0.5997505507055426,1
evt_001793_8fcfbabc,insufficient_funds,0,26.9,13,14,1499.0,none,nudge_sms,0.47871280405153854,0
evt_001794_78f49113,insufficient_funds,3,44.7,12,6,1499.0,none,retry_later,0.23479462123996034,1
evt_001795_fb1bffe6,insufficient_funds,1,20.4,2,8,499.0,none,nudge_sms,0.6838257158485195,1
evt_001796_e41fe9dc,expired_card,0,6.4,8,2,199.0,none,nudge_whatsapp,0.5644874145060674,0
evt_001797_1bbe7b01,insufficient_funds,1,6.4,16,1,1499.0,none,escalate_human,0.5456636524944133,1
evt_001798_1c194d5a,insufficient_funds,0,11.0,18,23,499.0,churned,nudge_whatsapp,0.5731707741944935,1
evt_001799_76b8644a,do_not_honor,0,4.6,8,6,499.0,none,retry_now,0.02389268941058276,0
evt_001800_d4407928,stolen_card,0,2.4,24,5,199.0,none,escalate_human,0.016463644763656287,0
evt_001801_9fe2a7ab,insufficient_funds,1,20.0,13,6,999.0,recovered,stop,0.0,0
evt_001802_3bf1399e,issuer_unavailable,1,3.1,8,21,499.0,recovered,nudge_whatsapp,0.6199637565717084,1
evt_001803_002d4d58,insufficient_funds,1,25.4,31,12,499.0,none,nudge_whatsapp,0.8306161030659813,1
evt_001804_f4123c2f,expired_card,1,24.8,5,6,499.0,none,retry_later,0.09302213476578787,0
evt_001805_e99a07e8,issuer_unavailable,1,1.9,20,5,199.0,churned,voice_call,0.7020616842821229,0
evt_001806_0f2ab925,do_not_honor,0,7.2,30,2,999.0,none,stop,0.0,0
evt_001807_dde82c62,insufficient_funds,0,2.6,16,3,199.0,none,voice_call,0.5431833922773988,1
evt_001808_33e4c214,issuer_unavailable,0,4.7,30,2,499.0,none,stop,0.0,0
evt_001809_06ea4214,insufficient_funds,0,11.1,2,53,499.0,recovered,retry_now,0.6732989348873649,1
evt_001810_28ff695f,do_not_honor,4,43.5,25,2,1499.0,recovered,nudge_sms,0.022977369910025615,0
evt_001811_365af17a,stolen_card,0,8.2,15,7,199.0,recovered,nudge_sms,0.015067989810592807,0
evt_001812_0e3e3c9e,insufficient_funds,0,8.3,28,2,2499.0,none,voice_call,0.7024065275302497,0
evt_001813_336af7b1,insufficient_funds,0,20.5,17,7,499.0,none,nudge_sms,0.44150288078595534,1
evt_001814_c98e4d2d,insufficient_funds,1,13.3,27,33,999.0,none,escalate_human,0.7900175521619497,1
evt_001815_74779266,expired_card,1,8.6,10,5,499.0,none,retry_now,0.060651477004788824,0
evt_001816_4f7a7c5d,insufficient_funds,2,50.3,18,1,499.0,none,stop,0.0,0
evt_001817_03ef197c,issuer_unavailable,0,23.1,18,4,2499.0,none,voice_call,0.765605804536503,1
evt_001818_fcfd4d8e,stolen_card,0,14.9,17,14,499.0,none,escalate_human,0.016463644763656287,0
evt_001819_94349b1f,expired_card,0,15.4,31,5,999.0,none,retry_now,0.09975048911968518,0
evt_001820_c8b6a4d4,expired_card,2,27.7,15,14,999.0,none,stop,0.0,0
evt_001821_4c1777ea,insufficient_funds,2,4.5,26,16,999.0,none,stop,0.0,0
evt_001822_fcdfee4d,insufficient_funds,0,20.6,30,12,499.0,recovered,retry_now,0.6547534606063191,1
evt_001823_d4a109dd,issuer_unavailable,0,1.0,18,2,499.0,none,voice_call,0.7583515586874283,0
evt_001824_d77d0c48,insufficient_funds,3,15.9,18,3,2499.0,none,voice_call,0.2964296174318109,0
evt_001825_4aeaa8dd,insufficient_funds,1,4.3,24,16,199.0,none,stop,0.0,0
evt_001826_542fe7fe,stolen_card,1,11.3,5,32,199.0,none,escalate_human,0.01618265922190452,0
evt_001827_6def5bf9,insufficient_funds,0,23.7,15,6,199.0,none,retry_later,0.4595552516336272,0
evt_001828_18d9f193,expired_card,0,25.7,28,22,999.0,churned,escalate_human,0.8088698510697152,1
evt_001829_cda205ee,insufficient_funds,0,20.9,16,3,499.0,churned,stop,0.0,0
evt_001830_2013c89d,insufficient_funds,3,14.1,22,9,499.0,churned,nudge_sms,0.24269116329409773,0
evt_001831_4402838f,expired_card,2,0.9,21,19,999.0,none,retry_later,0.08241009774912801,0
evt_001832_e04ef247,expired_card,1,18.2,15,1,999.0,none,voice_call,0.5428647008043602,1
evt_001833_e18781d3,insufficient_funds,0,6.3,17,13,1499.0,none,nudge_sms,0.4712654677673562,1
evt_001834_23d51809,do_not_honor,0,11.6,10,3,199.0,none,stop,0.0,0
evt_001835_203ef0a1,insufficient_funds,2,4.2,3,8,1499.0,recovered,voice_call,0.5692480719833861,1
evt_001836_3f987437,insufficient_funds,0,23.2,28,14,499.0,none,voice_call,0.7500321882392028,1
evt_001837_280546b8,stolen_card,0,7.8,30,25,999.0,none,escalate_human,0.016463644763656287,0
evt_001838_fb51918d,issuer_unavailable,4,13.8,3,5,499.0,none,retry_now,0.4756900385805638,0
evt_001839_91a77aca,expired_card,0,13.6,22,3,499.0,none,nudge_sms,0.5184657702911133,1
evt_001840_0bfa642c,issuer_unavailable,0,20.0,25,12,199.0,churned,stop,0.0,0
evt_001841_c6860366,insufficient_funds,1,0.8,3,18,499.0,none,voice_call,0.6960977445880304,1
evt_001842_6385ff8e,do_not_honor,0,20.4,17,9,999.0,recovered,escalate_human,0.026857118784809644,0
evt_001843_b2e3e0fe,issuer_unavailable,1,33.8,13,28,199.0,none,voice_call,0.7881254841184406,0
evt_001844_9d1cc2f5,do_not_honor,1,53.3,2,14,999.0,recovered,escalate_human,0.026403509502070335,0
evt_001845_866dbfaf,insufficient_funds,0,14.4,28,16,499.0,none,retry_later,0.7301714330329903,0
evt_001846_380d01b4,issuer_unavailable,0,1.5,2,9,999.0,none,retry_now,0.8058562108002365,1
evt_001847_cd0ffb4c,insufficient_funds,0,0.2,21,6,199.0,none,escalate_human,0.665900608688671,1
evt_001848_ae9fd391,insufficient_funds,0,8.5,20,8,999.0,none,voice_call,0.5768714921986957,0
evt_001849_375033dc,insufficient_funds,1,13.9,30,7,199.0,none,retry_later,0.8005922431513315,1
evt_001850_a6c0bb70,issuer_unavailable,0,8.8,13,14,2499.0,none,retry_later,0.8561485988770278,1
evt_001851_356d0f40,do_not_honor,0,2.2,19,1,499.0,none,escalate_human,0.026857118784809644,0
evt_001852_c1f21510,insufficient_funds,1,18.5,23,2,1499.0,recovered,escalate_human,0.5807275471483447,0
evt_001853_ebf1867b,insufficient_funds,0,3.8,5,8,499.0,none,retry_now,0.38438810156020004,1
evt_001854_23b88336,issuer_unavailable,2,8.3,5,9,499.0,recovered,voice_call,0.6531058281728986,1
evt_001855_dad1d8e9,insufficient_funds,1,7.2,7,9,999.0,churned,escalate_human,0.6270236851076608,1
evt_001856_5750516b,issuer_unavailable,0,6.2,29,11,2499.0,none,stop,0.0,0
evt_001857_5547b6bc,do_not_honor,0,11.4,9,2,199.0,recovered,nudge_whatsapp,0.025086962153479813,0
evt_001858_6dc1bbd6,expired_card,1,10.1,24,1,999.0,none,voice_call,0.5491079396255341,0
evt_001859_47e1b044,insufficient_funds,0,15.7,21,6,499.0,recovered,retry_now,0.30782697512029134,1
evt_001860_9c9f417b,stolen_card,0,10.8,24,3,1499.0,churned,escalate_human,0.016463644763656287,0
evt_001861_4d9341db,issuer_unavailable,0,21.7,3,7,199.0,churned,stop,0.0,0
evt_001862_09462824,insufficient_funds,1,3.9,13,10,199.0,recovered,retry_now,0.24520379481496862,0
evt_001863_7bbe9b4b,do_not_honor,0,47.0,30,27,199.0,none,escalate_human,0.026857118784809644,0
evt_001864_2a8545f3,stolen_card,0,3.9,29,3,999.0,recovered,stop,0.0,0
evt_001865_cc744804,insufficient_funds,3,1.3,2,14,499.0,recovered,nudge_whatsapp,0.5966219592443773,0
evt_001866_8eb7ef56,insufficient_funds,1,14.7,3,6,499.0,none,retry_later,0.6095670087506408,1
evt_001867_c92f7d98,issuer_unavailable,0,7.3,18,1,999.0,none,retry_later,0.8210772615508989,1
evt_001868_477c5c3d,insufficient_funds,1,1.3,31,7,199.0,recovered,stop,0.0,0
evt_001869_79209968,expired_card,3,0.0,28,3,499.0,recovered,voice_call,0.4043634469103103,0
evt_001870_3bfcbcca,issuer_unavailable,0,0.3,31,15,499.0,none,retry_later,0.8807970779778823,1
evt_001871_7d8df834,stolen_card,0,15.9,13,21,1499.0,churned,escalate_human,0.016463644763656287,0
evt_001872_e7339a6a,expired_card,0,6.3,13,1,1499.0,recovered,voice_call,0.6280039283807113,1
evt_001873_90c48dc2,stolen_card,1,53.1,21,1,199.0,none,escalate_human,0.01618265922190452,0
evt_001874_0abe8883,insufficient_funds,4,0.7,20,11,499.0,none,voice_call,0.2630731681906423,0
evt_001875_068b6d68,expired_card,0,14.6,7,7,499.0,none,voice_call,0.6608461133611923,0
evt_001876_612ef9c1,insufficient_funds,2,13.6,23,60,499.0,none,escalate_human,0.6583074589310298,1
evt_001877_bbff31b8,do_not_honor,3,15.7,29,27,499.0,none,nudge_whatsapp,0.02383445418444756,0
evt_001878_0dcc34d5,insufficient_funds,0,18.7,11,10,499.0,recovered,nudge_whatsapp,0.5169386623582377,0
evt_001879_6c302c17,do_not_honor,2,1.6,4,50,1499.0,none,voice_call,0.02496496406763323,0
evt_001880_ea954210,insufficient_funds,0,1.2,21,7,1499.0,none,nudge_whatsapp,0.5086479949670318,1
evt_001881_f35868ee,expired_card,3,11.5,11,32,199.0,none,stop,0.0,0
evt_001882_df9c2f3a,do_not_honor,1,13.0,9,32,199.0,churned,stop,0.0,0
evt_001883_19cbb740,insufficient_funds,1,2.9,19,43,999.0,none,voice_call,0.6238181305139401,1
evt_001884_13a277fc,issuer_unavailable,0,17.1,2,48,1499.0,recovered,nudge_whatsapp,0.7795947372931423,1
evt_001885_002a7e0f,insufficient_funds,0,2.8,27,26,499.0,none,stop,0.0,0
evt_001886_4917dc1b,insufficient_funds,2,16.9,30,8,1499.0,none,nudge_whatsapp,0.7613327148429103,1
evt_001887_bdb7cb89,issuer_unavailable,1,16.0,3,2,499.0,none,escalate_human,0.7846010401689745,1
evt_001888_8cd91e54,insufficient_funds,3,5.3,16,1,1499.0,none,stop,0.0,0
evt_001889_bba9dd41,insufficient_funds,0,3.2,1,8,199.0,none,retry_later,0.8532096601986177,1
evt_001890_d072da28,insufficient_funds,2,16.2,9,4,499.0,none,retry_later,0.31260225706362843,1
evt_001891_6cedb7a8,expired_card,1,8.1,13,7,499.0,none,retry_now,0.06260046564666218,1
evt_001892_a17a2cc7,do_not_honor,1,5.3,11,3,499.0,none,retry_later,0.024423090054107196,0
evt_001893_b20ade70,issuer_unavailable,1,6.8,12,33,199.0,churned,nudge_whatsapp,0.6715298070236148,1
evt_001894_fde32487,expired_card,0,13.2,7,5,999.0,none,stop,0.0,0
evt_001895_1081ab97,issuer_unavailable,0,44.4,11,6,499.0,none,retry_now,0.7733167036272376,0
evt_001896_f07462a6,expired_card,0,18.7,11,16,199.0,none,escalate_human,0.7733167036272376,0
evt_001897_1a0c5eb7,expired_card,0,21.1,26,4,499.0,recovered,voice_call,0.6531058281728986,1
evt_001898_0c63ba44,insufficient_funds,0,15.2,17,26,2499.0,none,stop,0.0,0
evt_001899_bd5522db,stolen_card,1,68.0,18,22,2499.0,none,stop,0.0,0
evt_001900_10fdd30f,do_not_honor,2,1.9,16,8,499.0,recovered,voice_call,0.02496496406763323,0
evt_001901_3bb5f7af,issuer_unavailable,0,26.4,16,1,499.0,recovered,nudge_whatsapp,0.6039332001471792,0
evt_001902_e8f4ed04,insufficient_funds,3,6.6,15,10,499.0,churned,nudge_whatsapp,0.2626707418807103,0
evt_001903_b5c72abd,stolen_card,2,10.7,17,17,499.0,none,escalate_human,0.015906391711814714,0
evt_001904_7390165f,insufficient_funds,3,5.8,12,19,499.0,none,nudge_whatsapp,0.30545954002409026,0
evt_001905_0a5bc9d3,issuer_unavailable,0,7.1,31,1,499.0,none,nudge_whatsapp,0.6502185485738271,1
evt_001906_e7766566,expired_card,1,35.0,7,12,499.0,none,voice_call,0.6027812097071683,0
evt_001907_017cdcb4,insufficient_funds,0,28.4,2,1,1499.0,none,retry_later,0.7467606235685982,1
evt_001908_8ab9d612,insufficient_funds,4,13.8,3,8,499.0,none,nudge_whatsapp,0.38591707201729397,0
evt_001909_9c7972b1,insufficient_funds,1,31.0,23,4,499.0,recovered,stop,0.0,0
evt_001910_672fd7d3,insufficient_funds,0,2.0,29,13,499.0,churned,nudge_whatsapp,0.8055592848951566,1
evt_001911_077cf4f2,issuer_unavailable,2,8.0,4,21,499.0,none,nudge_sms,0.4983939775818416,1
evt_001912_d1949504,insufficient_funds,0,28.9,11,12,199.0,none,nudge_sms,0.47696147196949884,1
evt_001913_f19bc2b4,insufficient_funds,0,6.3,31,6,199.0,none,retry_now,0.6271477663131956,1
evt_001914_86020261,insufficient_funds,0,9.8,4,43,499.0,recovered,nudge_sms,0.734772102244895,0
evt_001915_e87abcad,insufficient_funds,0,19.7,28,2,199.0,none,retry_now,0.4399867002242399,1
evt_001916_8645e3e2,stolen_card,2,3.1,9,10,199.0,churned,stop,0.0,0
evt_001917_be284804,expired_card,1,5.1,4,34,999.0,none,stop,0.0,0
evt_001918_df8e1fa0,insufficient_funds,0,2.3,2,16,1499.0,none,retry_later,0.7992172751386951,1
evt_001919_4688fec4,stolen_card,2,18.6,23,4,499.0,none,voice_call,0.015292230913827184,0
evt_001920_76fb4530,issuer_unavailable,0,4.6,8,18,499.0,churned,nudge_sms,0.6409280444022729,1
evt_001921_52896e69,insufficient_funds,1,10.4,16,1,999.0,none,retry_later,0.3515727327631753,1
evt_001922_c7a3f53a,issuer_unavailable,1,7.8,14,4,499.0,recovered,nudge_whatsapp,0.5331076721950945,1
evt_001923_6ef922f6,stolen_card,2,5.5,12,10,1499.0,none,stop,0.0,0
evt_001924_96283eb1,stolen_card,0,15.4,14,25,199.0,churned,retry_now,0.014629178170484324,0
evt_001925_8c9a6d4b,do_not_honor,0,9.8,24,2,199.0,none,nudge_sms,0.024602428402739435,0
evt_001926_e9faee8e,expired_card,0,2.8,6,1,199.0,none,nudge_sms,0.5144397637470164,0
evt_001927_165ae44c,do_not_honor,0,11.0,28,3,2499.0,none,stop,0.0,0
evt_001928_600c8bb7,insufficient_funds,2,34.6,21,2,999.0,none,nudge_sms,0.2757974158186367,0
evt_001929_2025dda1,stolen_card,1,1.3,12,17,499.0,none,stop,0.0,0
evt_001930_bb60eee1,expired_card,0,9.5,23,3,499.0,none,escalate_human,0.7269880342626481,1
evt_001931_48f91d8e,issuer_unavailable,0,9.6,25,25,199.0,none,retry_later,0.8847065224394824,1
evt_001932_6d73a4b8,insufficient_funds,0,39.7,22,6,499.0,none,stop,0.0,0
evt_001933_f5bc1915,stolen_card,1,13.3,19,10,199.0,churned,stop,0.0,0
evt_001934_a7b14f00,issuer_unavailable,0,5.7,22,17,999.0,none,stop,0.0,0
evt_001935_9c232134,insufficient_funds,0,4.7,14,7,199.0,none,voice_call,0.5642363513380241,0
evt_001936_4017f12d,expired_card,1,4.7,29,1,1499.0,none,nudge_sms,0.45346165981961223,0
evt_001937_19bb142c,expired_card,0,0.2,13,1,499.0,recovered,voice_call,0.6280039283807113,0
evt_001938_2ced9a10,insufficient_funds,0,2.8,12,39,999.0,none,nudge_sms,0.5911126487783451,1
evt_001939_c3144839,issuer_unavailable,3,3.1,30,18,499.0,none,nudge_sms,0.42800386706848137,0
evt_001940_fedf950d,issuer_unavailable,0,5.3,13,8,499.0,recovered,stop,0.0,0
evt_001941_a6512799,issuer_unavailable,2,0.4,14,3,499.0,churned,nudge_sms,0.3923665710307179,0
evt_001942_ea4b26bd,insufficient_funds,0,9.3,27,5,499.0,none,voice_call,0.6715119203636036,0
evt_001943_7d84d479,do_not_honor,0,9.2,1,5,499.0,none,retry_now,0.02389268941058276,0
evt_001944_54f8fbdf,do_not_honor,0,27.9,18,8,499.0,none,nudge_whatsapp,0.025086962153479813,0
evt_001945_c3756c5f,insufficient_funds,2,35.7,12,7,999.0,none,stop,0.0,0
evt_001946_516394e4,insufficient_funds,0,14.2,22,13,999.0,none,escalate_human,0.7020913926337453,1
evt_001947_537c2aea,insufficient_funds,0,24.4,27,11,1499.0,none,retry_later,0.6499844683748941,0
evt_001948_06b9741d,do_not_honor,0,9.6,15,6,1499.0,none,nudge_sms,0.024602428402739435,0
evt_001949_d3e51dd7,issuer_unavailable,0,2.5,1,5,999.0,recovered,retry_now,0.8021838885585818,1
evt_001950_f2c16b06,insufficient_funds,1,32.9,15,13,1499.0,none,nudge_sms,0.38411146084314246,1
evt_001951_41292119,insufficient_funds,0,9.0,24,17,2499.0,none,escalate_human,0.7368130143528654,1
evt_001952_ce289e52,expired_card,0,18.3,12,29,999.0,recovered,escalate_human,0.8153435229171604,1
evt_001953_7a93a0a4,insufficient_funds,2,10.3,10,9,2499.0,churned,nudge_whatsapp,0.34855326644664847,0
evt_001954_829eda78,issuer_unavailable,0,5.2,31,1,499.0,none,nudge_whatsapp,0.6502185485738271,1
evt_001955_1c098040,expired_card,2,8.0,12,3,199.0,recovered,escalate_human,0.5658925921431835,1
evt_001956_ed20aada,insufficient_funds,0,3.2,25,9,499.0,none,stop,0.0,0
evt_001957_51ee9e92,expired_card,0,6.3,17,3,499.0,none,voice_call,0.6370596380185245,0
evt_001958_7649072c,do_not_honor,0,13.7,6,10,199.0,none,escalate_human,0.026857118784809644,0
evt_001959_132d5d9c,issuer_unavailable,0,32.9,16,8,199.0,none,stop,0.0,0
evt_001960_a533abf3,insufficient_funds,0,31.0,28,15,499.0,recovered,nudge_sms,0.7058872917698644,1
evt_001961_ed6a50bb,insufficient_funds,0,4.7,11,6,499.0,recovered,nudge_whatsapp,0.49694518485041755,1
evt_001962_3cd9edaa,insufficient_funds,0,20.0,27,6,199.0,recovered,retry_now,0.409757298230044,0
evt_001963_5b96f23f,issuer_unavailable,4,2.6,3,3,1499.0,none,retry_later,0.565295822022913,0
evt_001964_98db6146,expired_card,0,5.3,23,8,199.0,none,retry_later,0.12779404855644808,0
evt_001965_7523ca91,expired_card,2,0.1,4,30,199.0,recovered,escalate_human,0.7054892207973209,0
evt_001966_2a91d7a0,issuer_unavailable,2,13.8,25,16,199.0,none,nudge_sms,0.4645035948388131,0
evt_001967_5f7c4e95,insufficient_funds,2,4.0,21,4,199.0,none,nudge_sms,0.2838579569241676,0
evt_001968_0a5b23dc,stolen_card,0,0.5,4,49,499.0,none,nudge_sms,0.015067989810592807,0
evt_001969_1e5deb9f,insufficient_funds,2,6.0,23,31,999.0,none,stop,0.0,0
evt_001970_35816dab,expired_card,1,0.2,15,18,499.0,none,retry_later,0.11025693771767085,0
evt_001971_1c804786,insufficient_funds,0,0.6,20,14,499.0,churned,retry_now,0.33848420992304806,1
evt_001972_5fd83c4d,insufficient_funds,0,6.1,5,21,999.0,none,nudge_sms,0.6273428942024571,0
evt_001973_5b6ad9ce,insufficient_funds,2,7.3,25,26,999.0,none,nudge_sms,0.44494010367428816,0
evt_001974_af13851f,insufficient_funds,0,33.1,25,5,199.0,churned,retry_later,0.5396325935676815,1
evt_001975_3ea2290a,expired_card,0,21.9,17,12,499.0,churned,voice_call,0.6775695490167115,0
evt_001976_b97c7445,insufficient_funds,1,7.5,4,17,499.0,recovered,stop,0.0,0
evt_001977_60cef303,insufficient_funds,1,3.5,21,6,999.0,churned,voice_call,0.4849300396759813,0
evt_001978_759add23,expired_card,0,11.4,16,7,199.0,recovered,escalate_human,0.7392127277873517,1
evt_001979_6d3c4b31,insufficient_funds,2,35.2,25,1,199.0,none,nudge_sms,0.32714279899883447,0
evt_001980_e54c3f38,insufficient_funds,0,4.4,14,9,199.0,none,stop,0.0,0
evt_001981_75eabcc7,issuer_unavailable,0,0.8,27,8,499.0,none,nudge_whatsapp,0.653299841241901,1
evt_001982_2176ba37,insufficient_funds,0,9.9,21,4,1499.0,none,nudge_whatsapp,0.4936491990341691,1
evt_001983_e0587d2c,insufficient_funds,1,3.0,4,2,1499.0,recovered,nudge_whatsapp,0.5471026482184581,0
evt_001984_ff954b94,do_not_honor,1,18.6,27,43,499.0,none,stop,0.0,0
evt_001985_9522e1fc,insufficient_funds,3,14.5,13,3,499.0,none,nudge_whatsapp,0.23954051181873554,0
evt_001986_784ce51c,issuer_unavailable,0,15.5,19,6,1499.0,recovered,nudge_sms,0.5805696526933404,1
evt_001987_c25e270d,insufficient_funds,3,41.1,24,6,199.0,churned,voice_call,0.34512660560544267,1
evt_001988_64c0b028,insufficient_funds,0,24.6,31,18,499.0,none,escalate_human,0.9055096310498407,1
evt_001989_09e1cb74,do_not_honor,0,4.6,21,8,499.0,none,nudge_whatsapp,0.025086962153479813,0
evt_001990_3d64fbe5,issuer_unavailable,1,1.6,8,2,999.0,none,nudge_whatsapp,0.5273213572988887,1
evt_001991_8eb9fc98,insufficient_funds,0,21.9,23,3,999.0,none,nudge_whatsapp,0.5110598803990279,0
evt_001992_4bc30294,insufficient_funds,1,5.9,20,10,1499.0,recovered,retry_now,0.24972932514775062,1
evt_001993_915e8bae,issuer_unavailable,2,6.6,28,6,499.0,churned,stop,0.0,0
evt_001994_ef275591,do_not_honor,0,10.3,22,23,199.0,recovered,voice_call,0.025831238524664044,0
evt_001995_a6c54f0b,expired_card,0,11.6,19,12,499.0,none,stop,0.0,0
evt_001996_a5cd9931,do_not_honor,0,11.8,11,3,999.0,recovered,nudge_sms,0.024602428402739435,0
evt_001997_2a11e9a9,insufficient_funds,0,7.4,2,4,199.0,none,escalate_human,0.8296493009482837,1
evt_001998_cce41d45,insufficient_funds,2,0.2,13,51,999.0,recovered,voice_call,0.5363462495870313,1
evt_001999_16e82849,do_not_honor,0,3.5,8,2,499.0,churned,voice_call,0.025831238524664044,0
